seed,scenario,node_id,parent,rank,trust,energy,qos_latency,mcs,hop_count,convergence_time,packet_loss_rate
0,lossless,2,1,0.4125,0.4916,0.0487,0.3125,0.6875,1,0.0,0.0
0,lossless,3,4,0.4815,0.5024,0.045,0.3815,0.6185,1,0.0,0.0
0,lossless,4,5,0.488,0.4649,0.0,0.388,0.612,1,0.0,0.0
0,lossless,5,10,0.4874,0.5226,0.0,0.3874,0.6126,1,0.0,0.0
0,lossless,6,1,0.4439,0.4892,0.0,0.3439,0.6561,1,0.0,0.0
0,lossless,7,8,0.4904,0.5266,0.0,0.3904,0.6096,1,0.0,0.0
0,lossless,8,9,0.4619,0.512,0.0279,0.3619,0.6381,1,0.0,0.0
0,lossless,9,10,0.4679,0.5078,0.0,0.3679,0.6321,1,0.0,0.0
0,lossless,10,15,0.4695,0.5167,0.0,0.3695,0.6305,1,0.0,0.0
0,lossless,11,12,0.4862,0.5029,0.0363,0.3862,0.6138,1,0.0,0.0
0,lossless,12,13,0.4751,0.5101,0.0096,0.3751,0.6249,1,0.0,0.0
0,lossless,13,14,0.478,0.4719,0.0278,0.378,0.622,1,0.0,0.0
0,lossless,14,15,0.4539,0.5138,0.0032,0.3539,0.6461,1,0.0,0.0
0,lossless,15,20,0.4871,0.4819,0.0,0.3871,0.6129,1,0.0,0.0
0,lossless,16,17,0.4939,0.5466,0.0759,0.3939,0.6061,1,0.0,0.0
0,lossless,17,18,0.4726,0.5425,0.0,0.3726,0.6274,1,0.0,0.0
0,lossless,18,19,0.4846,0.5266,0.0,0.3846,0.6154,1,0.0,0.0
0,lossless,19,20,0.4593,0.4878,0.0,0.3593,0.6407,1,0.0,0.0
0,lossless,20,25,0.4681,0.4957,0.0298,0.3681,0.6319,1,0.0,0.0
0,lossless,21,22,0.4693,0.4893,0.0458,0.3693,0.6307,1,0.0,0.0
0,lossless,22,23,0.4719,0.5236,0.0005,0.3719,0.6281,1,0.0,0.0
0,lossless,23,24,0.4839,0.5212,0.0,0.3839,0.6161,1,0.0,0.0
0,lossless,24,25,0.4712,0.5156,0.0,0.3712,0.6288,1,0.0,0.0
0,lossless,25,24,0.5714,0.4802,0.0,0.3714,0.6286,2,0.0,0.0
1,lossless,2,1,0.4078,0.4848,0.0269,0.3078,0.6922,1,0.0,0.0
1,lossless,3,4,0.4943,0.52,0.0045,0.3943,0.6057,1,0.0,0.0
1,lossless,4,5,0.4676,0.4915,0.0,0.3676,0.6324,1,0.0,0.0
1,lossless,5,10,0.4887,0.4996,0.0,0.3887,0.6113,1,0.0,0.0
1,lossless,6,1,0.4123,0.5257,0.0,0.3123,0.6877,1,0.0,0.0
1,lossless,7,8,0.4873,0.4942,0.0098,0.3873,0.6127,1,0.0,0.0
1,lossless,8,9,0.4815,0.5007,0.0,0.3815,0.6185,1,0.0,0.0
1,lossless,9,10,0.4985,0.5413,0.0,0.3985,0.6015,1,0.0,0.0
1,lossless,10,15,0.487,0.5351,0.0,0.387,0.613,1,0.0,0.0
1,lossless,11,12,0.4668,0.5029,0.0016,0.3668,0.6332,1,0.0,0.0
1,lossless,12,13,0.4706,0.5087,0.0015,0.3706,0.6294,1,0.0,0.0
1,lossless,13,14,0.4893,0.5237,0.0045,0.3893,0.6107,1,0.0,0.0
1,lossless,14,15,0.4795,0.4971,0.0,0.3795,0.6205,1,0.0,0.0
1,lossless,15,19,0.5321,0.2767,0.0,0.4321,0.5679,1,0.0,0.0
1,lossless,16,17,0.4792,0.545,0.0056,0.3792,0.6208,1,0.0,0.0
1,lossless,17,18,0.4625,0.476,0.0,0.3625,0.6375,1,0.0,0.0
1,lossless,18,19,0.448,0.4952,0.0,0.348,0.652,1,0.0,0.0
1,lossless,19,20,0.462,0.5024,0.0,0.362,0.638,1,0.0,0.0
1,lossless,20,24,0.5409,0.3298,0.0,0.4409,0.5591,1,0.0,0.0
1,lossless,21,22,0.4599,0.4533,0.0208,0.3599,0.6401,1,0.0,0.0
1,lossless,22,23,0.4795,0.5116,0.0,0.3795,0.6205,1,0.0,0.0
1,lossless,23,24,0.4759,0.5182,0.0,0.3759,0.6241,1,0.0,0.0
1,lossless,24,25,0.4795,0.5146,0.0429,0.3795,0.6205,1,0.0,0.0
1,lossless,25,20,0.5823,0.4944,0.0526,0.3823,0.6177,2,0.0,0.0
2,lossless,2,1,0.4113,0.5012,0.0,0.3113,0.6887,1,0.0,0.0
2,lossless,3,4,0.4814,0.4906,0.0,0.3814,0.6186,1,0.0,0.0
2,lossless,4,5,0.462,0.507,0.0,0.362,0.638,1,0.0,0.0
2,lossless,5,9,0.5278,0.2783,0.0282,0.4278,0.5722,1,0.0,0.0
2,lossless,6,1,0.3987,0.4707,0.0485,0.2987,0.7013,1,0.0,0.0
2,lossless,7,8,0.4865,0.4734,0.0,0.3865,0.6135,1,0.0,0.0
2,lossless,8,9,0.4801,0.4982,0.0,0.3801,0.6199,1,0.0,0.0
2,lossless,9,10,0.4638,0.4788,0.0446,0.3638,0.6362,1,0.0,0.0
2,lossless,10,15,0.4493,0.486,0.0062,0.3493,0.6507,1,0.0,0.0
2,lossless,11,12,0.4619,0.536,0.0164,0.3619,0.6381,1,0.0,0.0
2,lossless,12,13,0.4887,0.4741,0.0,0.3887,0.6113,1,0.0,0.0
2,lossless,13,14,0.4721,0.4881,0.0307,0.3721,0.6279,1,0.0,0.0
2,lossless,14,15,0.4942,0.4854,0.0,0.3942,0.6058,1,0.0,0.0
2,lossless,15,20,0.456,0.4893,0.0,0.356,0.644,1,0.0,0.0
2,lossless,16,17,0.4607,0.5327,0.0,0.3607,0.6393,1,0.0,0.0
2,lossless,17,18,0.4715,0.4913,0.0507,0.3715,0.6285,1,0.0,0.0
2,lossless,18,19,0.4828,0.4994,0.0,0.3828,0.6172,1,0.0,0.0
2,lossless,19,20,0.4896,0.5182,0.0,0.3896,0.6104,1,0.0,0.0
2,lossless,20,25,0.5013,0.5037,0.0,0.4013,0.5987,1,0.0,0.0
2,lossless,21,22,0.4688,0.4781,0.0,0.3688,0.6312,1,0.0,0.0
2,lossless,22,23,0.4872,0.4827,0.0013,0.3872,0.6128,1,0.0,0.0
2,lossless,23,24,0.478,0.5036,0.0135,0.378,0.622,1,0.0,0.0
2,lossless,24,25,0.4798,0.4957,0.025,0.3798,0.6202,1,0.0,0.0
2,lossless,25,24,0.5794,0.5271,0.0349,0.3794,0.6206,2,0.0,0.0
3,lossless,2,1,0.4284,0.5185,0.0,0.3284,0.6716,1,0.0,0.0
3,lossless,3,4,0.4789,0.4998,0.0,0.3789,0.6211,1,0.0,0.0
3,lossless,4,5,0.4802,0.484,0.0334,0.3802,0.6198,1,0.0,0.0
3,lossless,5,10,0.4782,0.4455,0.0018,0.3782,0.6218,1,0.0,0.0
3,lossless,6,1,0.426,0.4705,0.0117,0.326,0.674,1,0.0,0.0
3,lossless,7,8,0.4839,0.4926,0.0,0.3839,0.6161,1,0.0,0.0
3,lossless,8,9,0.4689,0.5102,0.0,0.3689,0.6311,1,0.0,0.0
3,lossless,9,10,0.4668,0.5218,0.0,0.3668,0.6332,1,0.0,0.0
3,lossless,10,15,0.4387,0.4982,0.002,0.3387,0.6613,1,0.0,0.0
3,lossless,11,12,0.4772,0.4933,0.0,0.3772,0.6228,1,0.0,0.0
3,lossless,12,13,0.4691,0.5171,0.0,0.3691,0.6309,1,0.0,0.0
3,lossless,13,14,0.4607,0.4815,0.0369,0.3607,0.6393,1,0.0,0.0
3,lossless,14,15,0.4512,0.4865,0.0453,0.3512,0.6488,1,0.0,0.0
3,lossless,15,20,0.4778,0.5027,0.0,0.3778,0.6222,1,0.0,0.0
3,lossless,16,17,0.4701,0.4878,0.0,0.3701,0.6299,1,0.0,0.0
3,lossless,17,18,0.4858,0.4808,0.0,0.3858,0.6142,1,0.0,0.0
3,lossless,18,19,0.4857,0.5044,0.0,0.3857,0.6143,1,0.0,0.0
3,lossless,19,20,0.4576,0.5098,0.0,0.3576,0.6424,1,0.0,0.0
3,lossless,20,25,0.4883,0.5109,0.0205,0.3883,0.6117,1,0.0,0.0
3,lossless,21,22,0.4666,0.4971,0.0,0.3666,0.6334,1,0.0,0.0
3,lossless,22,23,0.4626,0.4727,0.0,0.3626,0.6374,1,0.0,0.0
3,lossless,23,24,0.462,0.5065,0.0,0.362,0.638,1,0.0,0.0
3,lossless,24,25,0.4896,0.4853,0.0,0.3896,0.6104,1,0.0,0.0
3,lossless,25,20,0.5792,0.5006,0.0425,0.3792,0.6208,2,0.0,0.0
4,lossless,2,1,0.4118,0.5284,0.0073,0.3118,0.6882,1,0.0,0.0
4,lossless,3,4,0.4671,0.4822,0.0,0.3671,0.6329,1,0.0,0.0
4,lossless,4,5,0.496,0.5088,0.0065,0.396,0.604,1,0.0,0.0
4,lossless,5,10,0.4835,0.5016,0.03,0.3835,0.6165,1,0.0,0.0
4,lossless,6,1,0.4332,0.463,0.0,0.3332,0.6668,1,0.0,0.0
4,lossless,7,8,0.482,0.4732,0.02,0.382,0.618,1,0.0,0.0
4,lossless,8,9,0.5012,0.514,0.0,0.4012,0.5988,1,0.0,0.0
4,lossless,9,10,0.4506,0.4769,0.0,0.3506,0.6494,1,0.0,0.0
4,lossless,10,15,0.4708,0.5055,0.0007,0.3708,0.6292,1,0.0,0.0
4,lossless,11,12,0.4587,0.4933,0.0138,0.3587,0.6413,1,0.0,0.0
4,lossless,12,13,0.4646,0.4797,0.0,0.3646,0.6354,1,0.0,0.0
4,lossless,13,14,0.4921,0.5335,0.0,0.3921,0.6079,1,0.0,0.0
4,lossless,14,15,0.466,0.5075,0.0,0.366,0.634,1,0.0,0.0
4,lossless,15,19,0.538,0.3082,0.0,0.438,0.562,1,0.0,0.0
4,lossless,16,17,0.4718,0.4959,0.0,0.3718,0.6282,1,0.0,0.0
4,lossless,17,18,0.4723,0.4794,0.0,0.3723,0.6277,1,0.0,0.0
4,lossless,18,19,0.4922,0.4772,0.0,0.3922,0.6078,1,0.0,0.0
4,lossless,19,20,0.4754,0.475,0.0536,0.3754,0.6246,1,0.0,0.0
4,lossless,20,25,0.4819,0.5149,0.0,0.3819,0.6181,1,0.0,0.0
4,lossless,21,22,0.4723,0.4666,0.0109,0.3723,0.6277,1,0.0,0.0
4,lossless,22,23,0.4613,0.5267,0.0069,0.3613,0.6387,1,0.0,0.0
4,lossless,23,24,0.4499,0.5386,0.0,0.3499,0.6501,1,0.0,0.0
4,lossless,24,25,0.4827,0.5133,0.0,0.3827,0.6173,1,0.0,0.0
4,lossless,25,24,0.5999,0.5162,0.0,0.3999,0.6001,2,0.0,0.0
5,lossless,2,1,0.4125,0.5131,0.0,0.3125,0.6875,1,0.0,0.0
5,lossless,3,4,0.491,0.4914,0.0328,0.391,0.609,1,0.0,0.0
5,lossless,4,5,0.4597,0.5278,0.0386,0.3597,0.6403,1,0.0,0.0
5,lossless,5,10,0.4432,0.5406,0.0,0.3432,0.6568,1,0.0,0.0
5,lossless,6,1,0.4014,0.5286,0.0,0.3014,0.6986,1,0.0,0.0
5,lossless,7,8,0.4745,0.5279,0.0104,0.3745,0.6255,1,0.0,0.0
5,lossless,8,9,0.461,0.4797,0.0498,0.361,0.639,1,0.0,0.0
5,lossless,9,10,0.4663,0.4731,0.0,0.3663,0.6337,1,0.0,0.0
5,lossless,10,15,0.4758,0.5067,0.0181,0.3758,0.6242,1,0.0,0.0
5,lossless,11,12,0.4627,0.4865,0.0039,0.3627,0.6373,1,0.0,0.0
5,lossless,12,13,0.4607,0.4944,0.0295,0.3607,0.6393,1,0.0,0.0
5,lossless,13,14,0.4935,0.5201,0.008,0.3935,0.6065,1,0.0,0.0
5,lossless,14,15,0.4918,0.5066,0.0,0.3918,0.6082,1,0.0,0.0
5,lossless,15,20,0.4799,0.5315,0.0,0.3799,0.6201,1,0.0,0.0
5,lossless,16,17,0.4906,0.4647,0.0,0.3906,0.6094,1,0.0,0.0
5,lossless,17,18,0.4723,0.5056,0.0,0.3723,0.6277,1,0.0,0.0
5,lossless,18,19,0.4704,0.4824,0.0,0.3704,0.6296,1,0.0,0.0
5,lossless,19,20,0.4839,0.5049,0.0019,0.3839,0.6161,1,0.0,0.0
5,lossless,20,25,0.439,0.4468,0.0,0.339,0.661,1,0.0,0.0
5,lossless,21,22,0.4842,0.468,0.0,0.3842,0.6158,1,0.0,0.0
5,lossless,22,23,0.4513,0.4999,0.0008,0.3513,0.6487,1,0.0,0.0
5,lossless,23,24,0.4859,0.5102,0.0,0.3859,0.6141,1,0.0,0.0
5,lossless,24,25,0.4643,0.5288,0.0057,0.3643,0.6357,1,0.0,0.0
5,lossless,25,20,0.5996,0.475,0.0,0.3996,0.6004,2,0.0,0.0
6,lossless,2,1,0.4073,0.478,0.0,0.3073,0.6927,1,0.0,0.0
6,lossless,3,4,0.4938,0.5104,0.0614,0.3938,0.6062,1,0.0,0.0
6,lossless,4,5,0.4689,0.5166,0.0041,0.3689,0.6311,1,0.0,0.0
6,lossless,5,10,0.4499,0.5008,0.0805,0.3499,0.6501,1,0.0,0.0
6,lossless,6,1,0.4236,0.4842,0.0025,0.3236,0.6764,1,0.0,0.0
6,lossless,7,8,0.4478,0.4998,0.0,0.3478,0.6522,1,0.0,0.0
6,lossless,8,9,0.4512,0.4839,0.0,0.3512,0.6488,1,0.0,0.0
6,lossless,9,10,0.4722,0.5153,0.0335,0.3722,0.6278,1,0.0,0.0
6,lossless,10,15,0.4638,0.511,0.0,0.3638,0.6362,1,0.0,0.0
6,lossless,11,12,0.4835,0.4852,0.0,0.3835,0.6165,1,0.0,0.0
6,lossless,12,13,0.4866,0.484,0.0,0.3866,0.6134,1,0.0,0.0
6,lossless,13,14,0.4787,0.4885,0.0,0.3787,0.6213,1,0.0,0.0
6,lossless,14,15,0.4678,0.4976,0.0,0.3678,0.6322,1,0.0,0.0
6,lossless,15,20,0.4825,0.4615,0.0,0.3825,0.6175,1,0.0,0.0
6,lossless,16,17,0.4774,0.4681,0.0,0.3774,0.6226,1,0.0,0.0
6,lossless,17,18,0.4784,0.4771,0.0005,0.3784,0.6216,1,0.0,0.0
6,lossless,18,19,0.4701,0.5143,0.0,0.3701,0.6299,1,0.0,0.0
6,lossless,19,20,0.4863,0.4787,0.0,0.3863,0.6137,1,0.0,0.0
6,lossless,20,25,0.4568,0.5106,0.0,0.3568,0.6432,1,0.0,0.0
6,lossless,21,22,0.4692,0.492,0.0,0.3692,0.6308,1,0.0,0.0
6,lossless,22,23,0.4598,0.4982,0.0,0.3598,0.6402,1,0.0,0.0
6,lossless,23,24,0.4835,0.468,0.0,0.3835,0.6165,1,0.0,0.0
6,lossless,24,25,0.4896,0.5127,0.0001,0.3896,0.6104,1,0.0,0.0
6,lossless,25,20,0.589,0.5082,0.0,0.389,0.611,2,0.0,0.0
7,lossless,2,1,0.4062,0.5092,0.0503,0.3062,0.6938,1,0.0,0.0
7,lossless,3,4,0.4672,0.5456,0.0,0.3672,0.6328,1,0.0,0.0
7,lossless,4,5,0.4667,0.4921,0.0416,0.3667,0.6333,1,0.0,0.0
7,lossless,5,10,0.4869,0.5275,0.0,0.3869,0.6131,1,0.0,0.0
7,lossless,6,1,0.4283,0.5217,0.0,0.3283,0.6717,1,0.0,0.0
7,lossless,7,1,0.51,0.295,0.0,0.41,0.59,1,0.0,0.0
7,lossless,8,9,0.461,0.5144,0.0023,0.361,0.639,1,0.0,0.0
7,lossless,9,10,0.4985,0.5092,0.0,0.3985,0.6015,1,0.0,0.0
7,lossless,10,15,0.4875,0.4956,0.0304,0.3875,0.6125,1,0.0,0.0
7,lossless,11,12,0.457,0.4658,0.0068,0.357,0.643,1,0.0,0.0
7,lossless,12,13,0.4689,0.4777,0.0137,0.3689,0.6311,1,0.0,0.0
7,lossless,13,14,0.4651,0.486,0.014,0.3651,0.6349,1,0.0,0.0
7,lossless,14,15,0.4905,0.508,0.0,0.3905,0.6095,1,0.0,0.0
7,lossless,15,20,0.4533,0.5137,0.0186,0.3533,0.6467,1,0.0,0.0
7,lossless,16,17,0.4727,0.5203,0.0,0.3727,0.6273,1,0.0,0.0
7,lossless,17,18,0.4894,0.5047,0.0,0.3894,0.6106,1,0.0,0.0
7,lossless,18,19,0.5075,0.5214,0.0,0.4075,0.5925,1,0.0,0.0
7,lossless,19,20,0.4561,0.5145,0.0,0.3561,0.6439,1,0.0,0.0
7,lossless,20,25,0.4729,0.4871,0.0,0.3729,0.6271,1,0.0,0.0
7,lossless,21,22,0.4962,0.4943,0.0,0.3962,0.6038,1,0.0,0.0
7,lossless,22,23,0.5037,0.5021,0.0,0.4037,0.5963,1,0.0,0.0
7,lossless,23,24,0.4642,0.4999,0.0,0.3642,0.6358,1,0.0,0.0
7,lossless,24,25,0.4687,0.5021,0.0,0.3687,0.6313,1,0.0,0.0
7,lossless,25,20,0.5723,0.4731,0.0248,0.3723,0.6277,2,0.0,0.0
8,lossless,2,1,0.4083,0.469,0.016,0.3083,0.6917,1,0.0,0.0
8,lossless,3,4,0.4657,0.4521,0.0001,0.3657,0.6343,1,0.0,0.0
8,lossless,4,5,0.4743,0.5345,0.0,0.3743,0.6257,1,0.0,0.0
8,lossless,5,10,0.4792,0.502,0.0,0.3792,0.6208,1,0.0,0.0
8,lossless,6,1,0.4258,0.5316,0.0,0.3258,0.6742,1,0.0,0.0
8,lossless,7,8,0.4613,0.4729,0.0,0.3613,0.6387,1,0.0,0.0
8,lossless,8,9,0.4754,0.4954,0.0,0.3754,0.6246,1,0.0,0.0
8,lossless,9,10,0.4638,0.4641,0.0,0.3638,0.6362,1,0.0,0.0
8,lossless,10,15,0.4473,0.4962,0.0171,0.3473,0.6527,1,0.0,0.0
8,lossless,11,12,0.4793,0.4815,0.0207,0.3793,0.6207,1,0.0,0.0
8,lossless,12,13,0.4716,0.4953,0.0202,0.3716,0.6284,1,0.0,0.0
8,lossless,13,14,0.4827,0.5249,0.0425,0.3827,0.6173,1,0.0,0.0
8,lossless,14,15,0.4835,0.5217,0.0,0.3835,0.6165,1,0.0,0.0
8,lossless,15,19,0.5267,0.3107,0.0,0.4267,0.5733,1,0.0,0.0
8,lossless,16,17,0.4746,0.4806,0.0,0.3746,0.6254,1,0.0,0.0
8,lossless,17,18,0.4673,0.4672,0.0,0.3673,0.6327,1,0.0,0.0
8,lossless,18,19,0.4811,0.5045,0.0,0.3811,0.6189,1,0.0,0.0
8,lossless,19,20,0.4846,0.5523,0.0,0.3846,0.6154,1,0.0,0.0
8,lossless,20,25,0.4641,0.4826,0.0371,0.3641,0.6359,1,0.0,0.0
8,lossless,21,22,0.4947,0.5068,0.0,0.3947,0.6053,1,0.0,0.0
8,lossless,22,23,0.4922,0.4947,0.0019,0.3922,0.6078,1,0.0,0.0
8,lossless,23,24,0.4576,0.5218,0.0,0.3576,0.6424,1,0.0,0.0
8,lossless,24,25,0.476,0.4984,0.0,0.376,0.624,1,0.0,0.0
8,lossless,25,20,0.6037,0.504,0.0,0.4037,0.5963,2,0.0,0.0
9,lossless,2,1,0.4095,0.4829,0.0,0.3095,0.6905,1,0.0,0.0
9,lossless,3,4,0.4752,0.4977,0.0045,0.3752,0.6248,1,0.0,0.0
9,lossless,4,5,0.4802,0.4915,0.0093,0.3802,0.6198,1,0.0,0.0
9,lossless,5,10,0.4771,0.4922,0.0,0.3771,0.6229,1,0.0,0.0
9,lossless,6,1,0.3974,0.5142,0.0323,0.2974,0.7026,1,0.0,0.0
9,lossless,7,8,0.4786,0.542,0.0,0.3786,0.6214,1,0.0,0.0
9,lossless,8,9,0.4766,0.4727,0.0,0.3766,0.6234,1,0.0,0.0
9,lossless,9,10,0.4702,0.4998,0.0,0.3702,0.6298,1,0.0,0.0
9,lossless,10,15,0.4771,0.4921,0.0,0.3771,0.6229,1,0.0,0.0
9,lossless,11,12,0.4391,0.524,0.0502,0.3391,0.6609,1,0.0,0.0
9,lossless,12,13,0.4606,0.5084,0.0292,0.3606,0.6394,1,0.0,0.0
9,lossless,13,14,0.4715,0.4986,0.0,0.3715,0.6285,1,0.0,0.0
9,lossless,14,15,0.4752,0.4818,0.0363,0.3752,0.6248,1,0.0,0.0
9,lossless,15,20,0.4728,0.4558,0.0,0.3728,0.6272,1,0.0,0.0
9,lossless,16,17,0.4935,0.4936,0.0414,0.3935,0.6065,1,0.0,0.0
9,lossless,17,18,0.4709,0.4931,0.0,0.3709,0.6291,1,0.0,0.0
9,lossless,18,19,0.4676,0.5204,0.0255,0.3676,0.6324,1,0.0,0.0
9,lossless,19,20,0.4731,0.5025,0.0,0.3731,0.6269,1,0.0,0.0
9,lossless,20,24,0.5157,0.327,0.0294,0.4157,0.5843,1,0.0,0.0
9,lossless,21,22,0.4815,0.5118,0.0,0.3815,0.6185,1,0.0,0.0
9,lossless,22,23,0.4667,0.5207,0.0,0.3667,0.6333,1,0.0,0.0
9,lossless,23,24,0.475,0.4783,0.0364,0.375,0.625,1,0.0,0.0
9,lossless,24,25,0.488,0.5013,0.0,0.388,0.612,1,0.0,0.0
9,lossless,25,20,0.5916,0.4835,0.006,0.3916,0.6084,2,0.0,0.0
10,lossless,2,1,0.4362,0.5137,0.0,0.3362,0.6638,1,0.0,0.0
10,lossless,3,4,0.4623,0.5304,0.0371,0.3623,0.6377,1,0.0,0.0
10,lossless,4,5,0.5121,0.4742,0.0,0.4121,0.5879,1,0.0,0.0
10,lossless,5,10,0.4721,0.5417,0.0338,0.3721,0.6279,1,0.0,0.0
10,lossless,6,1,0.4096,0.5075,0.0,0.3096,0.6904,1,0.0,0.0
10,lossless,7,8,0.4786,0.5005,0.06,0.3786,0.6214,1,0.0,0.0
10,lossless,8,9,0.4858,0.5077,0.001,0.3858,0.6142,1,0.0,0.0
10,lossless,9,10,0.4658,0.4995,0.0289,0.3658,0.6342,1,0.0,0.0
10,lossless,10,15,0.4726,0.4674,0.0,0.3726,0.6274,1,0.0,0.0
10,lossless,11,12,0.4915,0.4725,0.0,0.3915,0.6085,1,0.0,0.0
10,lossless,12,13,0.4907,0.479,0.0206,0.3907,0.6093,1,0.0,0.0
10,lossless,13,14,0.4681,0.4906,0.0363,0.3681,0.6319,1,0.0,0.0
10,lossless,14,15,0.4933,0.4674,0.0085,0.3933,0.6067,1,0.0,0.0
10,lossless,15,20,0.4557,0.4953,0.0354,0.3557,0.6443,1,0.0,0.0
10,lossless,16,17,0.4938,0.4664,0.0,0.3938,0.6062,1,0.0,0.0
10,lossless,17,18,0.4655,0.5079,0.0109,0.3655,0.6345,1,0.0,0.0
10,lossless,18,19,0.4814,0.5372,0.0004,0.3814,0.6186,1,0.0,0.0
10,lossless,19,20,0.474,0.5293,0.0,0.374,0.626,1,0.0,0.0
10,lossless,20,25,0.4596,0.5406,0.0226,0.3596,0.6404,1,0.0,0.0
10,lossless,21,22,0.5071,0.498,0.0,0.4071,0.5929,1,0.0,0.0
10,lossless,22,23,0.4714,0.5284,0.0,0.3714,0.6286,1,0.0,0.0
10,lossless,23,24,0.4738,0.4929,0.0,0.3738,0.6262,1,0.0,0.0
10,lossless,24,25,0.4826,0.4792,0.0,0.3826,0.6174,1,0.0,0.0
10,lossless,25,20,0.5767,0.5078,0.0057,0.3767,0.6233,2,0.0,0.0
11,lossless,2,1,0.395,0.5233,0.0045,0.295,0.705,1,0.0,0.0
11,lossless,3,4,0.4754,0.4791,0.0428,0.3754,0.6246,1,0.0,0.0
11,lossless,4,5,0.4708,0.5085,0.0,0.3708,0.6292,1,0.0,0.0
11,lossless,5,9,0.5021,0.282,0.0,0.4021,0.5979,1,0.0,0.0
11,lossless,6,1,0.4186,0.5095,0.0592,0.3186,0.6814,1,0.0,0.0
11,lossless,7,8,0.4845,0.4965,0.0,0.3845,0.6155,1,0.0,0.0
11,lossless,8,9,0.4793,0.5009,0.0419,0.3793,0.6207,1,0.0,0.0
11,lossless,9,10,0.4859,0.4477,0.0385,0.3859,0.6141,1,0.0,0.0
11,lossless,10,15,0.4833,0.4997,0.0089,0.3833,0.6167,1,0.0,0.0
11,lossless,11,12,0.4796,0.4805,0.0,0.3796,0.6204,1,0.0,0.0
11,lossless,12,13,0.4569,0.5034,0.0,0.3569,0.6431,1,0.0,0.0
11,lossless,13,14,0.4764,0.5355,0.0,0.3764,0.6236,1,0.0,0.0
11,lossless,14,15,0.4803,0.4997,0.0278,0.3803,0.6197,1,0.0,0.0
11,lossless,15,20,0.4832,0.4761,0.0069,0.3832,0.6168,1,0.0,0.0
11,lossless,16,17,0.4867,0.5088,0.0,0.3867,0.6133,1,0.0,0.0
11,lossless,17,18,0.472,0.5053,0.0036,0.372,0.628,1,0.0,0.0
11,lossless,18,19,0.4621,0.512,0.0,0.3621,0.6379,1,0.0,0.0
11,lossless,19,20,0.4503,0.4998,0.0149,0.3503,0.6497,1,0.0,0.0
11,lossless,20,25,0.4666,0.474,0.025,0.3666,0.6334,1,0.0,0.0
11,lossless,21,22,0.4776,0.4535,0.0354,0.3776,0.6224,1,0.0,0.0
11,lossless,22,23,0.4568,0.5027,0.0598,0.3568,0.6432,1,0.0,0.0
11,lossless,23,24,0.4949,0.4453,0.0,0.3949,0.6051,1,0.0,0.0
11,lossless,24,25,0.4533,0.5084,0.0102,0.3533,0.6467,1,0.0,0.0
11,lossless,25,20,0.5635,0.5144,0.0218,0.3635,0.6365,2,0.0,0.0
12,lossless,2,1,0.429,0.5449,0.0258,0.329,0.671,1,0.0,0.0
12,lossless,3,4,0.4586,0.5075,0.0,0.3586,0.6414,1,0.0,0.0
12,lossless,4,5,0.4734,0.5295,0.0173,0.3734,0.6266,1,0.0,0.0
12,lossless,5,10,0.4781,0.5372,0.0,0.3781,0.6219,1,0.0,0.0
12,lossless,6,1,0.4382,0.4826,0.0334,0.3382,0.6618,1,0.0,0.0
12,lossless,7,8,0.4888,0.5205,0.0,0.3888,0.6112,1,0.0,0.0
12,lossless,8,9,0.4773,0.5059,0.0264,0.3773,0.6227,1,0.0,0.0
12,lossless,9,10,0.4862,0.5113,0.0,0.3862,0.6138,1,0.0,0.0
12,lossless,10,15,0.4815,0.5198,0.0,0.3815,0.6185,1,0.0,0.0
12,lossless,11,12,0.4947,0.4929,0.0,0.3947,0.6053,1,0.0,0.0
12,lossless,12,13,0.4762,0.5092,0.0063,0.3762,0.6238,1,0.0,0.0
12,lossless,13,14,0.4877,0.5173,0.0,0.3877,0.6123,1,0.0,0.0
12,lossless,14,15,0.4677,0.5233,0.0,0.3677,0.6323,1,0.0,0.0
12,lossless,15,20,0.4847,0.5165,0.0517,0.3847,0.6153,1,0.0,0.0
12,lossless,16,17,0.4827,0.5475,0.0622,0.3827,0.6173,1,0.0,0.0
12,lossless,17,18,0.4574,0.5108,0.0,0.3574,0.6426,1,0.0,0.0
12,lossless,18,19,0.4768,0.5194,0.0,0.3768,0.6232,1,0.0,0.0
12,lossless,19,20,0.4811,0.5143,0.0,0.3811,0.6189,1,0.0,0.0
12,lossless,20,25,0.4855,0.4944,0.0,0.3855,0.6145,1,0.0,0.0
12,lossless,21,22,0.4658,0.4786,0.0411,0.3658,0.6342,1,0.0,0.0
12,lossless,22,23,0.4779,0.5063,0.0,0.3779,0.6221,1,0.0,0.0
12,lossless,23,24,0.488,0.4972,0.0,0.388,0.612,1,0.0,0.0
12,lossless,24,25,0.487,0.502,0.0147,0.387,0.613,1,0.0,0.0
12,lossless,25,20,0.5986,0.4674,0.0445,0.3986,0.6014,2,0.0,0.0
13,lossless,2,1,0.4244,0.5099,0.0,0.3244,0.6756,1,0.0,0.0
13,lossless,3,4,0.4643,0.4877,0.0,0.3643,0.6357,1,0.0,0.0
13,lossless,4,5,0.5069,0.5097,0.0064,0.4069,0.5931,1,0.0,0.0
13,lossless,5,10,0.4959,0.4672,0.0,0.3959,0.6041,1,0.0,0.0
13,lossless,6,1,0.4151,0.5166,0.0,0.3151,0.6849,1,0.0,0.0
13,lossless,7,8,0.4653,0.4981,0.0328,0.3653,0.6347,1,0.0,0.0
13,lossless,8,9,0.4844,0.4945,0.0,0.3844,0.6156,1,0.0,0.0
13,lossless,9,10,0.4677,0.4963,0.0,0.3677,0.6323,1,0.0,0.0
13,lossless,10,15,0.4716,0.4648,0.0064,0.3716,0.6284,1,0.0,0.0
13,lossless,11,12,0.4795,0.5282,0.0054,0.3795,0.6205,1,0.0,0.0
13,lossless,12,13,0.4651,0.4931,0.0,0.3651,0.6349,1,0.0,0.0
13,lossless,13,14,0.479,0.4921,0.0531,0.379,0.621,1,0.0,0.0
13,lossless,14,15,0.4846,0.5144,0.0136,0.3846,0.6154,1,0.0,0.0
13,lossless,15,20,0.4676,0.5136,0.008,0.3676,0.6324,1,0.0,0.0
13,lossless,16,17,0.4852,0.504,0.0132,0.3852,0.6148,1,0.0,0.0
13,lossless,17,18,0.4654,0.5103,0.0,0.3654,0.6346,1,0.0,0.0
13,lossless,18,19,0.4779,0.5125,0.0,0.3779,0.6221,1,0.0,0.0
13,lossless,19,20,0.4687,0.4824,0.0219,0.3687,0.6313,1,0.0,0.0
13,lossless,20,25,0.4537,0.5055,0.0191,0.3538,0.6462,1,0.0,0.0
13,lossless,21,22,0.4734,0.5366,0.0,0.3734,0.6266,1,0.0,0.0
13,lossless,22,23,0.4608,0.4698,0.0161,0.3608,0.6392,1,0.0,0.0
13,lossless,23,24,0.4595,0.5121,0.0,0.3595,0.6405,1,0.0,0.0
13,lossless,24,25,0.4572,0.5041,0.0031,0.3572,0.6428,1,0.0,0.0
13,lossless,25,20,0.5955,0.5039,0.0368,0.3955,0.6045,2,0.0,0.0
14,lossless,2,1,0.4218,0.4898,0.0331,0.3218,0.6782,1,0.0,0.0
14,lossless,3,4,0.4637,0.4884,0.0,0.3637,0.6363,1,0.0,0.0
14,lossless,4,5,0.4796,0.5326,0.0,0.3796,0.6204,1,0.0,0.0
14,lossless,5,10,0.4842,0.5095,0.0,0.3842,0.6158,1,0.0,0.0
14,lossless,6,1,0.4312,0.522,0.0,0.3312,0.6688,1,0.0,0.0
14,lossless,7,8,0.4772,0.4861,0.0009,0.3772,0.6228,1,0.0,0.0
14,lossless,8,9,0.4682,0.4895,0.0,0.3682,0.6318,1,0.0,0.0
14,lossless,9,10,0.466,0.5107,0.0342,0.366,0.634,1,0.0,0.0
14,lossless,10,15,0.4901,0.5421,0.0,0.3901,0.6099,1,0.0,0.0
14,lossless,11,12,0.458,0.5294,0.0,0.358,0.642,1,0.0,0.0
14,lossless,12,13,0.4777,0.5187,0.04,0.3777,0.6223,1,0.0,0.0
14,lossless,13,14,0.4884,0.4883,0.0043,0.3884,0.6116,1,0.0,0.0
14,lossless,14,15,0.5015,0.4969,0.0,0.4015,0.5985,1,0.0,0.0
14,lossless,15,20,0.4744,0.5117,0.0,0.3744,0.6256,1,0.0,0.0
14,lossless,16,17,0.4857,0.5086,0.0217,0.3857,0.6143,1,0.0,0.0
14,lossless,17,18,0.4678,0.5017,0.0,0.3678,0.6322,1,0.0,0.0
14,lossless,18,19,0.4473,0.4913,0.0042,0.3473,0.6527,1,0.0,0.0
14,lossless,19,20,0.4592,0.4935,0.0,0.3592,0.6408,1,0.0,0.0
14,lossless,20,25,0.4605,0.5263,0.0,0.3605,0.6395,1,0.0,0.0
14,lossless,21,22,0.4581,0.5158,0.0407,0.3581,0.6419,1,0.0,0.0
14,lossless,22,23,0.4817,0.5177,0.0,0.3817,0.6183,1,0.0,0.0
14,lossless,23,24,0.4664,0.5309,0.0243,0.3664,0.6336,1,0.0,0.0
14,lossless,24,25,0.4653,0.5225,0.0368,0.3653,0.6347,1,0.0,0.0
14,lossless,25,20,0.6002,0.4771,0.0139,0.4002,0.5998,2,0.0,0.0
15,lossless,2,1,0.3954,0.4632,0.0,0.2954,0.7046,1,0.0,0.0
15,lossless,3,4,0.4748,0.5249,0.0105,0.3748,0.6252,1,0.0,0.0
15,lossless,4,5,0.4701,0.487,0.0,0.3701,0.6299,1,0.0,0.0
15,lossless,5,10,0.4731,0.4878,0.0,0.3731,0.6269,1,0.0,0.0
15,lossless,6,1,0.4229,0.4712,0.0,0.3229,0.6771,1,0.0,0.0
15,lossless,7,8,0.4845,0.4786,0.0089,0.3845,0.6155,1,0.0,0.0
15,lossless,8,9,0.4941,0.4936,0.0,0.3941,0.6059,1,0.0,0.0
15,lossless,9,10,0.4571,0.4894,0.0,0.3571,0.6429,1,0.0,0.0
15,lossless,10,15,0.466,0.5227,0.0304,0.366,0.634,1,0.0,0.0
15,lossless,11,12,0.4776,0.5033,0.0,0.3776,0.6224,1,0.0,0.0
15,lossless,12,13,0.4556,0.518,0.0,0.3556,0.6444,1,0.0,0.0
15,lossless,13,14,0.4569,0.5045,0.0367,0.3569,0.6431,1,0.0,0.0
15,lossless,14,15,0.474,0.5134,0.0,0.374,0.626,1,0.0,0.0
15,lossless,15,20,0.4671,0.4859,0.0339,0.3671,0.6329,1,0.0,0.0
15,lossless,16,17,0.4858,0.5169,0.0045,0.3858,0.6142,1,0.0,0.0
15,lossless,17,18,0.4837,0.4733,0.0,0.3837,0.6163,1,0.0,0.0
15,lossless,18,19,0.4752,0.5264,0.0137,0.3752,0.6248,1,0.0,0.0
15,lossless,19,20,0.4565,0.5229,0.0126,0.3565,0.6435,1,0.0,0.0
15,lossless,20,25,0.4839,0.4797,0.0,0.3839,0.6161,1,0.0,0.0
15,lossless,21,22,0.4771,0.5012,0.0517,0.3771,0.6229,1,0.0,0.0
15,lossless,22,23,0.4839,0.5275,0.0013,0.3839,0.6161,1,0.0,0.0
15,lossless,23,24,0.4895,0.5064,0.0042,0.3895,0.6105,1,0.0,0.0
15,lossless,24,25,0.4616,0.507,0.0,0.3616,0.6384,1,0.0,0.0
15,lossless,25,20,0.5987,0.4807,0.0,0.3987,0.6013,2,0.0,0.0
16,lossless,2,1,0.4357,0.5099,0.0459,0.3357,0.6643,1,0.0,0.0
16,lossless,3,4,0.4658,0.5148,0.0,0.3658,0.6342,1,0.0,0.0
16,lossless,4,5,0.4648,0.4976,0.0,0.3648,0.6352,1,0.0,0.0
16,lossless,5,10,0.4899,0.4988,0.0192,0.3899,0.6101,1,0.0,0.0
16,lossless,6,1,0.4236,0.4664,0.0,0.3236,0.6764,1,0.0,0.0
16,lossless,7,8,0.4617,0.4836,0.0071,0.3617,0.6383,1,0.0,0.0
16,lossless,8,9,0.4605,0.5142,0.0,0.3605,0.6395,1,0.0,0.0
16,lossless,9,10,0.4731,0.5157,0.0,0.3731,0.6269,1,0.0,0.0
16,lossless,10,15,0.4701,0.4918,0.0224,0.3701,0.6299,1,0.0,0.0
16,lossless,11,12,0.4778,0.5184,0.0,0.3778,0.6222,1,0.0,0.0
16,lossless,12,13,0.4889,0.4976,0.0025,0.3889,0.6111,1,0.0,0.0
16,lossless,13,14,0.4607,0.5083,0.0,0.3607,0.6393,1,0.0,0.0
16,lossless,14,15,0.4822,0.5102,0.0,0.3822,0.6178,1,0.0,0.0
16,lossless,15,20,0.4763,0.4988,0.0,0.3763,0.6237,1,0.0,0.0
16,lossless,16,17,0.4819,0.4935,0.0071,0.3819,0.6181,1,0.0,0.0
16,lossless,17,18,0.4703,0.5129,0.0033,0.3703,0.6297,1,0.0,0.0
16,lossless,18,19,0.4745,0.5073,0.0,0.3745,0.6255,1,0.0,0.0
16,lossless,19,20,0.4832,0.5049,0.0352,0.3832,0.6168,1,0.0,0.0
16,lossless,20,25,0.4828,0.5206,0.0199,0.3828,0.6172,1,0.0,0.0
16,lossless,21,22,0.4944,0.5155,0.0338,0.3944,0.6056,1,0.0,0.0
16,lossless,22,23,0.4768,0.518,0.0534,0.3768,0.6232,1,0.0,0.0
16,lossless,23,24,0.4618,0.4854,0.0,0.3618,0.6382,1,0.0,0.0
16,lossless,24,25,0.4789,0.4823,0.0,0.3789,0.6211,1,0.0,0.0
16,lossless,25,20,0.5864,0.4909,0.0045,0.3864,0.6136,2,0.0,0.0
17,lossless,2,1,0.4076,0.4792,0.0011,0.3076,0.6924,1,0.0,0.0
17,lossless,3,4,0.4555,0.4797,0.0,0.3555,0.6445,1,0.0,0.0
17,lossless,4,5,0.4862,0.5008,0.0,0.3862,0.6138,1,0.0,0.0
17,lossless,5,9,0.5349,0.3006,0.0,0.4349,0.5651,1,0.0,0.0
17,lossless,6,1,0.4238,0.5111,0.0023,0.3238,0.6762,1,0.0,0.0
17,lossless,7,8,0.4596,0.4889,0.0,0.3596,0.6404,1,0.0,0.0
17,lossless,8,9,0.4765,0.5199,0.0022,0.3765,0.6235,1,0.0,0.0
17,lossless,9,10,0.5026,0.4735,0.0,0.4026,0.5974,1,0.0,0.0
17,lossless,10,15,0.4532,0.5029,0.0,0.3532,0.6468,1,0.0,0.0
17,lossless,11,12,0.4739,0.4665,0.0255,0.3739,0.6261,1,0.0,0.0
17,lossless,12,13,0.4804,0.5095,0.042,0.3804,0.6196,1,0.0,0.0
17,lossless,13,14,0.4775,0.5254,0.0,0.3775,0.6225,1,0.0,0.0
17,lossless,14,15,0.4568,0.4922,0.0045,0.3568,0.6432,1,0.0,0.0
17,lossless,15,20,0.4808,0.4782,0.0443,0.3808,0.6192,1,0.0,0.0
17,lossless,16,17,0.4526,0.4979,0.0176,0.3526,0.6474,1,0.0,0.0
17,lossless,17,18,0.4617,0.5092,0.0157,0.3617,0.6383,1,0.0,0.0
17,lossless,18,19,0.5003,0.5286,0.0,0.4003,0.5997,1,0.0,0.0
17,lossless,19,20,0.4737,0.471,0.0,0.3737,0.6263,1,0.0,0.0
17,lossless,20,25,0.4746,0.4855,0.0,0.3746,0.6254,1,0.0,0.0
17,lossless,21,22,0.4678,0.4816,0.0,0.3678,0.6322,1,0.0,0.0
17,lossless,22,23,0.4707,0.4769,0.0155,0.3707,0.6293,1,0.0,0.0
17,lossless,23,24,0.4707,0.4697,0.0441,0.3707,0.6293,1,0.0,0.0
17,lossless,24,25,0.4972,0.4834,0.0117,0.3972,0.6028,1,0.0,0.0
17,lossless,25,20,0.5981,0.5071,0.0,0.3981,0.6019,2,0.0,0.0
18,lossless,2,1,0.426,0.5176,0.0,0.326,0.674,1,0.0,0.0
18,lossless,3,4,0.4524,0.5308,0.0293,0.3524,0.6476,1,0.0,0.0
18,lossless,4,5,0.4821,0.5106,0.0,0.3821,0.6179,1,0.0,0.0
18,lossless,5,10,0.4638,0.5079,0.0139,0.3638,0.6362,1,0.0,0.0
18,lossless,6,1,0.4267,0.525,0.0,0.3267,0.6733,1,0.0,0.0
18,lossless,7,8,0.4695,0.5082,0.0,0.3695,0.6305,1,0.0,0.0
18,lossless,8,9,0.4613,0.4899,0.0081,0.3613,0.6387,1,0.0,0.0
18,lossless,9,10,0.4856,0.4998,0.0044,0.3856,0.6144,1,0.0,0.0
18,lossless,10,15,0.5072,0.5257,0.0198,0.4072,0.5928,1,0.0,0.0
18,lossless,11,12,0.4578,0.4643,0.0054,0.3578,0.6422,1,0.0,0.0
18,lossless,12,13,0.4931,0.4996,0.0,0.3931,0.6069,1,0.0,0.0
18,lossless,13,14,0.487,0.5067,0.0,0.387,0.613,1,0.0,0.0
18,lossless,14,15,0.4613,0.5055,0.032,0.3613,0.6387,1,0.0,0.0
18,lossless,15,20,0.4913,0.4926,0.0,0.3913,0.6087,1,0.0,0.0
18,lossless,16,17,0.4764,0.4617,0.009,0.3764,0.6236,1,0.0,0.0
18,lossless,17,18,0.4748,0.506,0.0341,0.3748,0.6252,1,0.0,0.0
18,lossless,18,19,0.4764,0.4735,0.0,0.3764,0.6236,1,0.0,0.0
18,lossless,19,20,0.4809,0.5012,0.0119,0.3809,0.6191,1,0.0,0.0
18,lossless,20,25,0.4616,0.4992,0.0527,0.3616,0.6384,1,0.0,0.0
18,lossless,21,22,0.4687,0.4939,0.0,0.3687,0.6313,1,0.0,0.0
18,lossless,22,23,0.4565,0.5003,0.024,0.3565,0.6435,1,0.0,0.0
18,lossless,23,24,0.4806,0.5196,0.0155,0.3806,0.6194,1,0.0,0.0
18,lossless,24,25,0.4648,0.5017,0.0198,0.3648,0.6352,1,0.0,0.0
18,lossless,25,20,0.6002,0.506,0.0,0.4002,0.5998,2,0.0,0.0
19,lossless,2,1,0.4129,0.4832,0.0,0.3129,0.6871,1,0.0,0.0
19,lossless,3,4,0.4806,0.5257,0.0,0.3806,0.6194,1,0.0,0.0
19,lossless,4,5,0.4708,0.5075,0.0455,0.3708,0.6292,1,0.0,0.0
19,lossless,5,10,0.4981,0.4774,0.0233,0.3981,0.6019,1,0.0,0.0
19,lossless,6,1,0.4072,0.4707,0.0281,0.3072,0.6928,1,0.0,0.0
19,lossless,7,8,0.467,0.5026,0.0257,0.367,0.633,1,0.0,0.0
19,lossless,8,9,0.4698,0.4762,0.038,0.3698,0.6302,1,0.0,0.0
19,lossless,9,10,0.4816,0.509,0.0,0.3816,0.6184,1,0.0,0.0
19,lossless,10,14,0.5305,0.3074,0.0082,0.4305,0.5695,1,0.0,0.0
19,lossless,11,12,0.4497,0.464,0.0386,0.3497,0.6503,1,0.0,0.0
19,lossless,12,13,0.5041,0.4666,0.0,0.4041,0.5959,1,0.0,0.0
19,lossless,13,14,0.4568,0.5114,0.0074,0.3568,0.6432,1,0.0,0.0
19,lossless,14,15,0.4722,0.4898,0.0,0.3722,0.6278,1,0.0,0.0
19,lossless,15,20,0.4694,0.489,0.0,0.3694,0.6306,1,0.0,0.0
19,lossless,16,17,0.4722,0.503,0.0048,0.3722,0.6278,1,0.0,0.0
19,lossless,17,18,0.466,0.5353,0.0,0.366,0.634,1,0.0,0.0
19,lossless,18,19,0.4751,0.4936,0.0,0.3751,0.6249,1,0.0,0.0
19,lossless,19,20,0.4751,0.4486,0.0247,0.3751,0.6249,1,0.0,0.0
19,lossless,20,25,0.4793,0.507,0.0484,0.3793,0.6207,1,0.0,0.0
19,lossless,21,22,0.4704,0.5108,0.0,0.3704,0.6296,1,0.0,0.0
19,lossless,22,23,0.4819,0.5265,0.0728,0.3819,0.6181,1,0.0,0.0
19,lossless,23,24,0.4837,0.546,0.054,0.3837,0.6163,1,0.0,0.0
19,lossless,24,25,0.474,0.4862,0.0044,0.374,0.626,1,0.0,0.0
19,lossless,25,20,0.563,0.484,0.0151,0.363,0.637,2,0.0,0.0
0,lossy,2,1,0.4216,0.4689,0.0,0.3216,0.6784,1,0.0,0.2
0,lossy,3,4,0.4815,0.4445,0.0,0.3815,0.6185,1,0.0,0.2
0,lossy,4,9,0.4931,0.4065,0.0,0.3931,0.6069,1,0.0,0.2
0,lossy,5,10,0.4874,0.4475,0.0,0.3874,0.6126,1,0.0,0.2
0,lossy,6,7,0.468,0.4978,0.0,0.368,0.632,1,0.0,0.2
0,lossy,7,8,0.4904,0.4387,0.0,0.3904,0.6096,1,0.0,0.2
0,lossy,8,9,0.4619,0.4463,0.0,0.3619,0.6381,1,0.0,0.2
0,lossy,9,10,0.4679,0.4642,0.0,0.3679,0.6321,1,0.0,0.2
0,lossy,10,15,0.4695,0.331,0.0,0.3695,0.6305,1,0.0,0.2
0,lossy,11,16,0.4878,0.4001,0.0,0.3878,0.6122,1,0.0,0.2
0,lossy,12,13,0.4751,0.4634,0.0,0.3751,0.6249,1,0.0,0.2
0,lossy,13,14,0.478,0.4316,0.0,0.378,0.622,1,0.0,0.2
0,lossy,14,15,0.4539,0.3722,0.0,0.3539,0.6461,1,0.0,0.2
0,lossy,15,20,0.4871,0.4437,0.0,0.3871,0.6129,1,0.0,0.2
0,lossy,16,17,0.4939,0.519,0.0,0.3939,0.6061,1,0.0,0.2
0,lossy,17,18,0.4726,0.5064,0.0,0.3726,0.6274,1,0.0,0.2
0,lossy,18,19,0.4846,0.444,0.0,0.3846,0.6154,1,0.0,0.2
0,lossy,19,20,0.4593,0.4766,0.0,0.3593,0.6407,1,0.0,0.2
0,lossy,20,25,0.4681,0.416,0.0,0.3681,0.6319,1,0.0,0.2
0,lossy,21,22,0.4693,0.4622,0.0,0.3693,0.6307,1,0.0,0.2
0,lossy,22,23,0.4719,0.4865,0.0,0.3719,0.6281,1,0.0,0.2
0,lossy,23,18,0.5965,0.439,0.0,0.3965,0.6035,2,0.0,0.2
0,lossy,24,25,0.4712,0.2995,0.0,0.3712,0.6288,1,0.0,0.2
0,lossy,25,24,0.572,0.3412,0.0,0.372,0.628,2,0.0,0.2
1,lossy,2,3,0.4928,0.4922,0.0,0.3928,0.6072,1,0.0,0.2
1,lossy,3,8,0.4713,0.3698,0.0,0.3713,0.6287,1,0.0,0.2
1,lossy,4,5,0.4676,0.4147,0.0,0.3676,0.6324,1,0.0,0.2
1,lossy,5,10,0.4887,0.2949,0.0,0.3887,0.6113,1,0.0,0.2
1,lossy,6,1,0.4153,0.4259,0.0,0.3153,0.6847,1,0.0,0.2
1,lossy,7,12,0.4934,0.3918,0.0,0.3934,0.6066,1,0.0,0.2
1,lossy,8,12,0.5237,0.2745,0.0,0.4237,0.5763,1,0.0,0.2
1,lossy,9,10,0.4985,0.3778,0.0,0.3985,0.6015,1,0.0,0.2
1,lossy,10,15,0.487,0.518,0.0,0.387,0.613,1,0.0,0.2
1,lossy,11,12,0.4668,0.4284,0.0,0.3668,0.6332,1,0.0,0.2
1,lossy,12,13,0.4706,0.4031,0.0,0.3706,0.6294,1,0.0,0.2
1,lossy,13,14,0.555,0.4143,0.0,0.455,0.545,1,0.0,0.2
1,lossy,14,15,0.4795,0.2955,0.0,0.3795,0.6205,1,0.0,0.2
1,lossy,15,20,0.5053,0.3123,0.0,0.4053,0.5947,1,0.0,0.2
1,lossy,16,17,0.4792,0.3304,0.0,0.3792,0.6208,1,0.0,0.2
1,lossy,17,18,0.4625,0.4698,0.0,0.3625,0.6375,1,0.0,0.2
1,lossy,18,19,0.448,0.354,0.0,0.348,0.652,1,0.0,0.2
1,lossy,19,20,0.462,0.3792,0.0,0.362,0.638,1,0.0,0.2
1,lossy,20,24,0.5409,0.2764,0.0,0.4409,0.5591,1,0.0,0.2
1,lossy,21,22,0.4599,0.3637,0.0,0.3599,0.6401,1,0.0,0.2
1,lossy,22,23,0.4795,0.4228,0.0,0.3795,0.6205,1,0.0,0.2
1,lossy,23,24,0.4759,0.4667,0.0,0.3759,0.6241,1,0.0,0.2
1,lossy,24,25,0.4795,0.3917,0.0,0.3795,0.6205,1,0.0,0.2
1,lossy,25,24,0.5763,0.3953,0.0,0.3763,0.6237,2,0.0,0.2
2,lossy,2,1,0.4054,0.4888,0.0,0.3054,0.6946,1,0.0,0.2
2,lossy,3,4,0.4814,0.3765,0.0,0.3814,0.6186,1,0.0,0.2
2,lossy,4,5,0.462,0.465,0.0,0.362,0.638,1,0.0,0.2
2,lossy,5,10,0.4889,0.3994,0.0,0.3889,0.6111,1,0.0,0.2
2,lossy,6,1,0.418,0.4208,0.0,0.318,0.682,1,0.0,0.2
2,lossy,7,8,0.4865,0.2745,0.0,0.3865,0.6135,1,0.0,0.2
2,lossy,8,9,0.4801,0.4922,0.0,0.3801,0.6199,1,0.0,0.2
2,lossy,9,10,0.4638,0.364,0.0,0.3638,0.6362,1,0.0,0.2
2,lossy,10,9,0.5914,0.4599,0.0,0.3914,0.6086,2,0.0,0.2
2,lossy,11,16,0.4712,0.5051,0.0,0.3712,0.6288,1,0.0,0.2
2,lossy,12,13,0.4887,0.4164,0.0,0.3887,0.6113,1,0.0,0.2
2,lossy,13,12,0.5743,0.4505,0.0,0.3743,0.6257,2,0.0,0.2
2,lossy,14,15,0.4942,0.4837,0.0,0.3942,0.6058,1,0.0,0.2
2,lossy,15,20,0.456,0.4022,0.0,0.356,0.644,1,0.0,0.2
2,lossy,16,17,0.4607,0.458,0.0,0.3607,0.6393,1,0.0,0.2
2,lossy,17,16,0.5709,0.3083,0.0,0.3709,0.6291,2,0.0,0.2
2,lossy,18,19,0.4828,0.4684,0.0,0.3828,0.6172,1,0.0,0.2
2,lossy,19,20,0.4896,0.5182,0.0,0.3896,0.6104,1,0.0,0.2
2,lossy,20,25,0.5013,0.4302,0.0,0.4013,0.5987,1,0.0,0.2
2,lossy,21,22,0.4688,0.3034,0.0,0.3688,0.6312,1,0.0,0.2
2,lossy,22,23,0.4872,0.4666,0.0,0.3872,0.6128,1,0.0,0.2
2,lossy,23,24,0.478,0.5022,0.0,0.378,0.622,1,0.0,0.2
2,lossy,24,25,0.4798,0.383,0.0,0.3798,0.6202,1,0.0,0.2
2,lossy,25,24,0.58,0.5016,0.0,0.38,0.62,2,0.0,0.2
3,lossy,2,1,0.4354,0.4128,0.0,0.3354,0.6646,1,0.0,0.2
3,lossy,3,4,0.4789,0.4995,0.0,0.3789,0.6211,1,0.0,0.2
3,lossy,4,9,0.4703,0.4617,0.0,0.3703,0.6297,1,0.0,0.2
3,lossy,5,9,0.5423,0.3032,0.0,0.4423,0.5577,1,0.0,0.2
3,lossy,6,1,0.4399,0.3833,0.0,0.3399,0.6601,1,0.0,0.2
3,lossy,7,8,0.4839,0.4248,0.0,0.3839,0.6161,1,0.0,0.2
3,lossy,8,13,0.4497,0.3448,0.0,0.3497,0.6503,1,0.0,0.2
3,lossy,9,10,0.4668,0.5018,0.0,0.3668,0.6332,1,0.0,0.2
3,lossy,10,15,0.4387,0.4805,0.0,0.3387,0.6613,1,0.0,0.2
3,lossy,11,12,0.4772,0.4641,0.0,0.3772,0.6228,1,0.0,0.2
3,lossy,12,13,0.4691,0.4292,0.0,0.3691,0.6309,1,0.0,0.2
3,lossy,13,14,0.4607,0.4021,0.0,0.3607,0.6393,1,0.0,0.2
3,lossy,14,15,0.4512,0.4352,0.0,0.3512,0.6488,1,0.0,0.2
3,lossy,15,19,0.5398,0.3056,0.0,0.4398,0.5602,1,0.0,0.2
3,lossy,16,17,0.4701,0.3239,0.0,0.3701,0.6299,1,0.0,0.2
3,lossy,17,18,0.4858,0.4676,0.0,0.3858,0.6142,1,0.0,0.2
3,lossy,18,19,0.4857,0.4166,0.0,0.3857,0.6143,1,0.0,0.2
3,lossy,19,20,0.4576,0.3281,0.0,0.3576,0.6424,1,0.0,0.2
3,lossy,20,25,0.4883,0.4607,0.0,0.3883,0.6117,1,0.0,0.2
3,lossy,21,22,0.4666,0.4686,0.0,0.3666,0.6334,1,0.0,0.2
3,lossy,22,23,0.4626,0.4639,0.0,0.3626,0.6374,1,0.0,0.2
3,lossy,23,24,0.462,0.466,0.0,0.362,0.638,1,0.0,0.2
3,lossy,24,25,0.4896,0.4588,0.0,0.3896,0.6104,1,0.0,0.2
3,lossy,25,24,0.5925,0.4449,0.0,0.3925,0.6075,2,0.0,0.2
4,lossy,2,1,0.413,0.5222,0.0,0.313,0.687,1,0.0,0.2
4,lossy,3,8,0.4712,0.4346,0.0,0.3712,0.6288,1,0.0,0.2
4,lossy,4,10,0.52,0.1889,0.0,0.42,0.58,1,0.0,0.2
4,lossy,5,10,0.4835,0.3967,0.0,0.3835,0.6165,1,0.0,0.2
4,lossy,6,1,0.4362,0.4172,0.0,0.3362,0.6638,1,0.0,0.2
4,lossy,7,8,0.482,0.389,0.0,0.382,0.618,1,0.0,0.2
4,lossy,8,9,0.5012,0.4385,0.0,0.4012,0.5988,1,0.0,0.2
4,lossy,9,10,0.4506,0.3644,0.0,0.3506,0.6494,1,0.0,0.2
4,lossy,10,15,0.4708,0.4796,0.0,0.3708,0.6292,1,0.0,0.2
4,lossy,11,12,0.4587,0.3626,0.0,0.3587,0.6413,1,0.0,0.2
4,lossy,12,13,0.4646,0.4619,0.0,0.3646,0.6354,1,0.0,0.2
4,lossy,13,14,0.4921,0.5291,0.0,0.3921,0.6079,1,0.0,0.2
4,lossy,14,9,0.5615,0.3867,0.0,0.3615,0.6385,2,0.0,0.2
4,lossy,15,20,0.496,0.4426,0.0,0.396,0.604,1,0.0,0.2
4,lossy,16,17,0.4718,0.4345,0.0,0.3718,0.6282,1,0.0,0.2
4,lossy,17,18,0.4723,0.4275,0.0,0.3723,0.6277,1,0.0,0.2
4,lossy,18,23,0.4632,0.333,0.0,0.3632,0.6368,1,0.0,0.2
4,lossy,19,20,0.4754,0.4534,0.0,0.3754,0.6246,1,0.0,0.2
4,lossy,20,25,0.4819,0.3796,0.0,0.3819,0.6181,1,0.0,0.2
4,lossy,21,16,0.5875,0.3838,0.0,0.3875,0.6125,2,0.0,0.2
4,lossy,22,23,0.4613,0.497,0.0,0.3613,0.6387,1,0.0,0.2
4,lossy,23,24,0.5444,0.3989,0.0,0.4444,0.5556,1,0.0,0.2
4,lossy,24,25,0.4827,0.4847,0.0,0.3827,0.6173,1,0.0,0.2
4,lossy,25,24,0.6005,0.4396,0.0,0.4005,0.5995,2,0.0,0.2
5,lossy,2,1,0.4212,0.4795,0.0,0.3212,0.6788,1,0.0,0.2
5,lossy,3,4,0.491,0.3803,0.0,0.391,0.609,1,0.0,0.2
5,lossy,4,9,0.4807,0.4882,0.0,0.3807,0.6193,1,0.0,0.2
5,lossy,5,10,0.4432,0.5297,0.0,0.3432,0.6568,1,0.0,0.2
5,lossy,6,1,0.4119,0.5195,0.0,0.3119,0.6881,1,0.0,0.2
5,lossy,7,8,0.4745,0.5074,0.0,0.3745,0.6255,1,0.0,0.2
5,lossy,8,9,0.461,0.3493,0.0,0.361,0.639,1,0.0,0.2
5,lossy,9,8,0.5946,0.5274,0.0,0.3946,0.6054,2,0.0,0.2
5,lossy,10,15,0.4758,0.4401,0.0,0.3758,0.6242,1,0.0,0.2
5,lossy,11,12,0.4627,0.3946,0.0,0.3627,0.6373,1,0.0,0.2
5,lossy,12,16,0.5126,0.1971,0.0,0.4126,0.5874,1,0.0,0.2
5,lossy,13,14,0.4935,0.3861,0.0,0.3935,0.6065,1,0.0,0.2
5,lossy,14,15,0.4918,0.484,0.0,0.3918,0.6082,1,0.0,0.2
5,lossy,15,20,0.4799,0.5146,0.0,0.3799,0.6201,1,0.0,0.2
5,lossy,16,17,0.4906,0.4647,0.0,0.3906,0.6094,1,0.0,0.2
5,lossy,17,12,0.587,0.4213,0.0,0.387,0.613,2,0.0,0.2
5,lossy,18,19,0.4704,0.4438,0.0,0.3704,0.6296,1,0.0,0.2
5,lossy,19,20,0.4839,0.4972,0.0,0.3839,0.6161,1,0.0,0.2
5,lossy,20,25,0.439,0.4428,0.0,0.339,0.661,1,0.0,0.2
5,lossy,21,22,0.4842,0.3944,0.0,0.3842,0.6158,1,0.0,0.2
5,lossy,22,23,0.4513,0.4894,0.0,0.3513,0.6487,1,0.0,0.2
5,lossy,23,24,0.4859,0.4924,0.0,0.3859,0.6141,1,0.0,0.2
5,lossy,24,25,0.4643,0.5122,0.0,0.3643,0.6357,1,0.0,0.2
5,lossy,25,24,0.6087,0.4779,0.0,0.4087,0.5913,2,0.0,0.2
6,lossy,2,1,0.3958,0.4242,0.0,0.2958,0.7042,1,0.0,0.2
6,lossy,3,4,0.4938,0.4326,0.0,0.3938,0.6062,1,0.0,0.2
6,lossy,4,5,0.4689,0.3552,0.0,0.3689,0.6311,1,0.0,0.2
6,lossy,5,10,0.4499,0.4734,0.0,0.3499,0.6501,1,0.0,0.2
6,lossy,6,1,0.4279,0.2379,0.0,0.3279,0.6721,1,0.0,0.2
6,lossy,7,8,0.4478,0.4953,0.0,0.3478,0.6522,1,0.0,0.2
6,lossy,8,9,0.4512,0.3133,0.0,0.3512,0.6488,1,0.0,0.2
6,lossy,9,14,0.4614,0.4881,0.0,0.3614,0.6386,1,0.0,0.2
6,lossy,10,15,0.4638,0.4142,0.0,0.3638,0.6362,1,0.0,0.2
6,lossy,11,12,0.4835,0.4689,0.0,0.3835,0.6165,1,0.0,0.2
6,lossy,12,13,0.4866,0.3909,0.0,0.3866,0.6134,1,0.0,0.2
6,lossy,13,14,0.4787,0.2835,0.0,0.3787,0.6213,1,0.0,0.2
6,lossy,14,15,0.4678,0.4034,0.0,0.3678,0.6322,1,0.0,0.2
6,lossy,15,20,0.4825,0.1887,0.0,0.3825,0.6175,1,0.0,0.2
6,lossy,16,17,0.4774,0.432,0.0,0.3774,0.6226,1,0.0,0.2
6,lossy,17,18,0.4784,0.3684,0.0,0.3784,0.6216,1,0.0,0.2
6,lossy,18,19,0.4701,0.4463,0.0,0.3701,0.6299,1,0.0,0.2
6,lossy,19,20,0.4863,0.3747,0.0,0.3863,0.6137,1,0.0,0.2
6,lossy,20,25,0.4568,0.4195,0.0,0.3568,0.6432,1,0.0,0.2
6,lossy,21,22,0.4692,0.478,0.0,0.3692,0.6308,1,0.0,0.2
6,lossy,22,23,0.4598,0.3331,0.0,0.3598,0.6402,1,0.0,0.2
6,lossy,23,24,0.4835,0.459,0.0,0.3835,0.6165,1,0.0,0.2
6,lossy,24,25,0.4896,0.5082,0.0,0.3896,0.6104,1,0.0,0.2
6,lossy,25,20,0.602,0.5065,0.0,0.402,0.598,2,0.0,0.2
7,lossy,2,1,0.4119,0.3721,0.0,0.3119,0.6881,1,0.0,0.2
7,lossy,3,4,0.4672,0.436,0.0,0.3672,0.6328,1,0.0,0.2
7,lossy,4,9,0.4818,0.5007,0.0,0.3818,0.6182,1,0.0,0.2
7,lossy,5,10,0.4869,0.5263,0.0,0.3869,0.6131,1,0.0,0.2
7,lossy,6,1,0.4245,0.3753,0.0,0.3245,0.6755,1,0.0,0.2
7,lossy,7,1,0.51,0.1796,0.0,0.41,0.59,1,0.0,0.2
7,lossy,8,9,0.461,0.4751,0.0,0.361,0.639,1,0.0,0.2
7,lossy,9,10,0.4985,0.426,0.0,0.3985,0.6015,1,0.0,0.2
7,lossy,10,15,0.4875,0.4327,0.0,0.3875,0.6125,1,0.0,0.2
7,lossy,11,12,0.457,0.2855,0.0,0.357,0.643,1,0.0,0.2
7,lossy,12,13,0.4689,0.434,0.0,0.3689,0.6311,1,0.0,0.2
7,lossy,13,14,0.4651,0.2316,0.0,0.3651,0.6349,1,0.0,0.2
7,lossy,14,15,0.4905,0.4687,0.0,0.3905,0.6095,1,0.0,0.2
7,lossy,15,20,0.4533,0.4929,0.0,0.3533,0.6467,1,0.0,0.2
7,lossy,16,17,0.4727,0.4898,0.0,0.3727,0.6273,1,0.0,0.2
7,lossy,17,22,0.4529,0.468,0.0,0.3529,0.6471,1,0.0,0.2
7,lossy,18,19,0.5075,0.5146,0.0,0.4075,0.5925,1,0.0,0.2
7,lossy,19,20,0.4561,0.5128,0.0,0.3561,0.6439,1,0.0,0.2
7,lossy,20,25,0.4729,0.4168,0.0,0.3729,0.6271,1,0.0,0.2
7,lossy,21,22,0.4962,0.3113,0.0,0.3962,0.6038,1,0.0,0.2
7,lossy,22,23,0.5037,0.5015,0.0,0.4037,0.5963,1,0.0,0.2
7,lossy,23,24,0.4642,0.3663,0.0,0.3642,0.6358,1,0.0,0.2
7,lossy,24,25,0.4687,0.4958,0.0,0.3687,0.6313,1,0.0,0.2
7,lossy,25,20,0.5729,0.4328,0.0,0.3729,0.6271,2,0.0,0.2
8,lossy,2,1,0.4093,0.3638,0.0,0.3093,0.6907,1,0.0,0.2
8,lossy,3,4,0.4657,0.4195,0.0,0.3657,0.6343,1,0.0,0.2
8,lossy,4,5,0.4743,0.4827,0.0,0.3743,0.6257,1,0.0,0.2
8,lossy,5,9,0.555,0.2262,0.0,0.455,0.545,1,0.0,0.2
8,lossy,6,1,0.4103,0.4937,0.0,0.3103,0.6897,1,0.0,0.2
8,lossy,7,8,0.4613,0.4727,0.0,0.3613,0.6387,1,0.0,0.2
8,lossy,8,9,0.4754,0.4778,0.0,0.3754,0.6246,1,0.0,0.2
8,lossy,9,10,0.4638,0.4478,0.0,0.3638,0.6362,1,0.0,0.2
8,lossy,10,14,0.5399,0.3053,0.0,0.4399,0.5601,1,0.0,0.2
8,lossy,11,12,0.4793,0.3517,0.0,0.3793,0.6207,1,0.0,0.2
8,lossy,12,13,0.4716,0.4344,0.0,0.3716,0.6284,1,0.0,0.2
8,lossy,13,14,0.4827,0.5039,0.0,0.3827,0.6173,1,0.0,0.2
8,lossy,14,15,0.4835,0.416,0.0,0.3835,0.6165,1,0.0,0.2
8,lossy,15,19,0.5267,0.2849,0.0,0.4267,0.5733,1,0.0,0.2
8,lossy,16,17,0.4746,0.3534,0.0,0.3746,0.6254,1,0.0,0.2
8,lossy,17,18,0.4673,0.4225,0.0,0.3673,0.6327,1,0.0,0.2
8,lossy,18,19,0.4811,0.4411,0.0,0.3811,0.6189,1,0.0,0.2
8,lossy,19,20,0.4846,0.5374,0.0,0.3846,0.6154,1,0.0,0.2
8,lossy,20,15,0.5968,0.3196,0.0,0.3968,0.6032,2,0.0,0.2
8,lossy,21,16,0.583,0.3532,0.0,0.383,0.617,2,0.0,0.2
8,lossy,22,23,0.4922,0.4005,0.0,0.3922,0.6078,1,0.0,0.2
8,lossy,23,24,0.4576,0.5169,0.0,0.3576,0.6424,1,0.0,0.2
8,lossy,24,25,0.476,0.4217,0.0,0.376,0.624,1,0.0,0.2
8,lossy,25,24,0.5814,0.4722,0.0,0.3814,0.6186,2,0.0,0.2
9,lossy,2,1,0.4249,0.3291,0.0,0.3249,0.6751,1,0.0,0.2
9,lossy,3,4,0.4752,0.4493,0.0,0.3752,0.6248,1,0.0,0.2
9,lossy,4,5,0.4802,0.4079,0.0,0.3802,0.6198,1,0.0,0.2
9,lossy,5,10,0.4771,0.4067,0.0,0.3771,0.6229,1,0.0,0.2
9,lossy,6,7,0.4611,0.5215,0.0,0.3611,0.6389,1,0.0,0.2
9,lossy,7,8,0.4786,0.359,0.0,0.3786,0.6214,1,0.0,0.2
9,lossy,8,9,0.4766,0.3351,0.0,0.3766,0.6234,1,0.0,0.2
9,lossy,9,10,0.4702,0.4514,0.0,0.3702,0.6298,1,0.0,0.2
9,lossy,10,15,0.4771,0.4706,0.0,0.3771,0.6229,1,0.0,0.2
9,lossy,11,12,0.4391,0.4281,0.0,0.3391,0.6609,1,0.0,0.2
9,lossy,12,13,0.555,0.4251,0.0,0.455,0.545,1,0.0,0.2
9,lossy,13,14,0.4715,0.4251,0.0,0.3715,0.6285,1,0.0,0.2
9,lossy,14,15,0.4752,0.4633,0.0,0.3752,0.6248,1,0.0,0.2
9,lossy,15,10,0.5943,0.3669,0.0,0.3943,0.6057,2,0.0,0.2
9,lossy,16,17,0.4935,0.4005,0.0,0.3935,0.6065,1,0.0,0.2
9,lossy,17,18,0.555,0.4019,0.0,0.455,0.545,1,0.0,0.2
9,lossy,18,23,0.4759,0.4318,0.0,0.3759,0.6241,1,0.0,0.2
9,lossy,19,20,0.4731,0.4752,0.0,0.3731,0.6269,1,0.0,0.2
9,lossy,20,24,0.5157,0.308,0.0,0.4157,0.5843,1,0.0,0.2
9,lossy,21,22,0.4815,0.4979,0.0,0.3815,0.6185,1,0.0,0.2
9,lossy,22,23,0.4667,0.3457,0.0,0.3667,0.6333,1,0.0,0.2
9,lossy,23,24,0.475,0.446,0.0,0.375,0.625,1,0.0,0.2
9,lossy,24,23,0.5838,0.3378,0.0,0.3838,0.6162,2,0.0,0.2
9,lossy,25,20,0.5996,0.327,0.0,0.3996,0.6004,2,0.0,0.2
10,lossy,2,1,0.4305,0.4345,0.0,0.3305,0.6695,1,0.0,0.2
10,lossy,3,8,0.4808,0.4962,0.0,0.3808,0.6192,1,0.0,0.2
10,lossy,4,5,0.5121,0.4611,0.0,0.4121,0.5879,1,0.0,0.2
10,lossy,5,10,0.4721,0.5172,0.0,0.3721,0.6279,1,0.0,0.2
10,lossy,6,7,0.4658,0.4992,0.0,0.3658,0.6342,1,0.0,0.2
10,lossy,7,8,0.4786,0.468,0.0,0.3786,0.6214,1,0.0,0.2
10,lossy,8,9,0.4858,0.4349,0.0,0.3858,0.6142,1,0.0,0.2
10,lossy,9,10,0.4658,0.4949,0.0,0.3658,0.6342,1,0.0,0.2
10,lossy,10,15,0.4726,0.4522,0.0,0.3726,0.6274,1,0.0,0.2
10,lossy,11,12,0.4915,0.3542,0.0,0.3915,0.6085,1,0.0,0.2
10,lossy,12,13,0.4907,0.4682,0.0,0.3907,0.6093,1,0.0,0.2
10,lossy,13,14,0.4681,0.4033,0.0,0.3681,0.6319,1,0.0,0.2
10,lossy,14,15,0.4933,0.4671,0.0,0.3933,0.6067,1,0.0,0.2
10,lossy,15,20,0.4557,0.4924,0.0,0.3557,0.6443,1,0.0,0.2
10,lossy,16,17,0.4938,0.3028,0.0,0.3938,0.6062,1,0.0,0.2
10,lossy,17,22,0.5046,0.3808,0.0,0.4046,0.5954,1,0.0,0.2
10,lossy,18,19,0.4814,0.5265,0.0,0.3814,0.6186,1,0.0,0.2
10,lossy,19,20,0.474,0.5128,0.0,0.374,0.626,1,0.0,0.2
10,lossy,20,25,0.4596,0.4593,0.0,0.3596,0.6404,1,0.0,0.2
10,lossy,21,22,0.5071,0.458,0.0,0.4071,0.5929,1,0.0,0.2
10,lossy,22,23,0.4714,0.432,0.0,0.3714,0.6286,1,0.0,0.2
10,lossy,23,24,0.4738,0.4909,0.0,0.3738,0.6262,1,0.0,0.2
10,lossy,24,23,0.5825,0.4451,0.0,0.3825,0.6175,2,0.0,0.2
10,lossy,25,20,0.5772,0.4675,0.0,0.3772,0.6228,2,0.0,0.2
11,lossy,2,1,0.3966,0.4496,0.0,0.2966,0.7034,1,0.0,0.2
11,lossy,3,4,0.4754,0.3701,0.0,0.3754,0.6246,1,0.0,0.2
11,lossy,4,5,0.4708,0.4813,0.0,0.3708,0.6292,1,0.0,0.2
11,lossy,5,9,0.5021,0.2705,0.0,0.4021,0.5979,1,0.0,0.2
11,lossy,6,1,0.402,0.457,0.0,0.302,0.698,1,0.0,0.2
11,lossy,7,1,0.5471,0.2893,0.0,0.4471,0.5529,1,0.0,0.2
11,lossy,8,9,0.4793,0.4302,0.0,0.3793,0.6207,1,0.0,0.2
11,lossy,9,10,0.4859,0.4399,0.0,0.3859,0.6141,1,0.0,0.2
11,lossy,10,5,0.5868,0.323,0.0,0.3868,0.6132,2,0.0,0.2
11,lossy,11,12,0.4796,0.4474,0.0,0.3796,0.6204,1,0.0,0.2
11,lossy,12,13,0.4569,0.3442,0.0,0.3569,0.6431,1,0.0,0.2
11,lossy,13,14,0.4764,0.5169,0.0,0.3764,0.6236,1,0.0,0.2
11,lossy,14,15,0.4803,0.4987,0.0,0.3803,0.6197,1,0.0,0.2
11,lossy,15,19,0.555,0.2551,0.0,0.455,0.545,1,0.0,0.2
11,lossy,16,17,0.4867,0.4287,0.0,0.3867,0.6133,1,0.0,0.2
11,lossy,17,18,0.472,0.4926,0.0,0.372,0.628,1,0.0,0.2
11,lossy,18,19,0.4621,0.5037,0.0,0.3621,0.6379,1,0.0,0.2
11,lossy,19,20,0.4503,0.3739,0.0,0.3503,0.6497,1,0.0,0.2
11,lossy,20,24,0.5461,0.2677,0.0,0.4461,0.5539,1,0.0,0.2
11,lossy,21,22,0.4776,0.293,0.0,0.3776,0.6224,1,0.0,0.2
11,lossy,22,23,0.4568,0.3948,0.0,0.3568,0.6432,1,0.0,0.2
11,lossy,23,24,0.4949,0.3989,0.0,0.3949,0.6051,1,0.0,0.2
11,lossy,24,25,0.4533,0.5023,0.0,0.3533,0.6467,1,0.0,0.2
11,lossy,25,20,0.5641,0.4603,0.0,0.3641,0.6359,2,0.0,0.2
12,lossy,2,1,0.4282,0.4627,0.0,0.3282,0.6718,1,0.0,0.2
12,lossy,3,4,0.4586,0.4608,0.0,0.3586,0.6414,1,0.0,0.2
12,lossy,4,5,0.4734,0.4181,0.0,0.3734,0.6266,1,0.0,0.2
12,lossy,5,4,0.5877,0.4338,0.0,0.3877,0.6123,2,0.0,0.2
12,lossy,6,1,0.4327,0.4517,0.0,0.3327,0.6673,1,0.0,0.2
12,lossy,7,12,0.4671,0.3312,0.0,0.3671,0.6329,1,0.0,0.2
12,lossy,8,9,0.4773,0.3399,0.0,0.3773,0.6227,1,0.0,0.2
12,lossy,9,10,0.4862,0.4669,0.0,0.3862,0.6138,1,0.0,0.2
12,lossy,10,15,0.4815,0.4549,0.0,0.3815,0.6185,1,0.0,0.2
12,lossy,11,12,0.4947,0.4657,0.0,0.3947,0.6053,1,0.0,0.2
12,lossy,12,13,0.4762,0.4099,0.0,0.3762,0.6238,1,0.0,0.2
12,lossy,13,14,0.4877,0.3841,0.0,0.3877,0.6123,1,0.0,0.2
12,lossy,14,15,0.4677,0.4169,0.0,0.3677,0.6323,1,0.0,0.2
12,lossy,15,20,0.4847,0.5028,0.0,0.3847,0.6153,1,0.0,0.2
12,lossy,16,17,0.4827,0.5366,0.0,0.3827,0.6173,1,0.0,0.2
12,lossy,17,18,0.4574,0.4414,0.0,0.3574,0.6426,1,0.0,0.2
12,lossy,18,23,0.4431,0.3812,0.0,0.3431,0.6569,1,0.0,0.2
12,lossy,19,20,0.4811,0.3821,0.0,0.3811,0.6189,1,0.0,0.2
12,lossy,20,24,0.5478,0.2074,0.0,0.4478,0.5522,1,0.0,0.2
12,lossy,21,22,0.4658,0.466,0.0,0.3658,0.6342,1,0.0,0.2
12,lossy,22,23,0.4779,0.4504,0.0,0.3779,0.6221,1,0.0,0.2
12,lossy,23,24,0.488,0.4465,0.0,0.388,0.612,1,0.0,0.2
12,lossy,24,25,0.487,0.3707,0.0,0.387,0.613,1,0.0,0.2
12,lossy,25,24,0.5796,0.503,0.0,0.3796,0.6204,2,0.0,0.2
13,lossy,2,1,0.4305,0.3961,0.0,0.3305,0.6695,1,0.0,0.2
13,lossy,3,4,0.4643,0.4228,0.0,0.3643,0.6357,1,0.0,0.2
13,lossy,4,5,0.5069,0.4288,0.0,0.4069,0.5931,1,0.0,0.2
13,lossy,5,10,0.4959,0.3756,0.0,0.3959,0.6041,1,0.0,0.2
13,lossy,6,1,0.4063,0.4111,0.0,0.3063,0.6937,1,0.0,0.2
13,lossy,7,8,0.4653,0.322,0.0,0.3653,0.6347,1,0.0,0.2
13,lossy,8,9,0.4844,0.377,0.0,0.3844,0.6156,1,0.0,0.2
13,lossy,9,4,0.5977,0.3806,0.0,0.3977,0.6023,2,0.0,0.2
13,lossy,10,15,0.4716,0.2322,0.0,0.3716,0.6284,1,0.0,0.2
13,lossy,11,12,0.4795,0.4045,0.0,0.3795,0.6205,1,0.0,0.2
13,lossy,12,13,0.4651,0.4179,0.0,0.3651,0.6349,1,0.0,0.2
13,lossy,13,14,0.479,0.4634,0.0,0.379,0.621,1,0.0,0.2
13,lossy,14,13,0.5799,0.4015,0.0,0.3799,0.6201,2,0.0,0.2
13,lossy,15,20,0.4676,0.4803,0.0,0.3676,0.6324,1,0.0,0.2
13,lossy,16,17,0.4852,0.4506,0.0,0.3852,0.6148,1,0.0,0.2
13,lossy,17,18,0.4654,0.3943,0.0,0.3654,0.6346,1,0.0,0.2
13,lossy,18,19,0.4779,0.4598,0.0,0.3779,0.6221,1,0.0,0.2
13,lossy,19,24,0.4801,0.4943,0.0,0.3801,0.6199,1,0.0,0.2
13,lossy,20,24,0.5306,0.2364,0.0,0.4306,0.5694,1,0.0,0.2
13,lossy,21,22,0.4734,0.4733,0.0,0.3734,0.6266,1,0.0,0.2
13,lossy,22,23,0.4608,0.2692,0.0,0.3608,0.6392,1,0.0,0.2
13,lossy,23,24,0.4595,0.3842,0.0,0.3595,0.6405,1,0.0,0.2
13,lossy,24,25,0.4572,0.5037,0.0,0.3572,0.6428,1,0.0,0.2
13,lossy,25,20,0.5961,0.4146,0.0,0.3961,0.6039,2,0.0,0.2
14,lossy,2,3,0.4928,0.4613,0.0,0.3928,0.6072,1,0.0,0.2
14,lossy,3,4,0.4637,0.2778,0.0,0.3637,0.6363,1,0.0,0.2
14,lossy,4,5,0.4796,0.5318,0.0,0.3796,0.6204,1,0.0,0.2
14,lossy,5,4,0.5862,0.3978,0.0,0.3862,0.6138,2,0.0,0.2
14,lossy,6,1,0.4186,0.4774,0.0,0.3186,0.6814,1,0.0,0.2
14,lossy,7,8,0.4772,0.4473,0.0,0.3772,0.6228,1,0.0,0.2
14,lossy,8,9,0.4682,0.3839,0.0,0.3682,0.6318,1,0.0,0.2
14,lossy,9,14,0.4647,0.4598,0.0,0.3647,0.6353,1,0.0,0.2
14,lossy,10,15,0.4901,0.5375,0.0,0.3901,0.6099,1,0.0,0.2
14,lossy,11,12,0.458,0.4847,0.0,0.358,0.642,1,0.0,0.2
14,lossy,12,13,0.4777,0.3387,0.0,0.3777,0.6223,1,0.0,0.2
14,lossy,13,18,0.4589,0.3006,0.0,0.3589,0.6411,1,0.0,0.2
14,lossy,14,19,0.4672,0.4105,0.0,0.3672,0.6328,1,0.0,0.2
14,lossy,15,20,0.4744,0.339,0.0,0.3744,0.6256,1,0.0,0.2
14,lossy,16,17,0.4857,0.4233,0.0,0.3857,0.6143,1,0.0,0.2
14,lossy,17,18,0.4678,0.4906,0.0,0.3678,0.6322,1,0.0,0.2
14,lossy,18,19,0.4473,0.3471,0.0,0.3473,0.6527,1,0.0,0.2
14,lossy,19,20,0.4592,0.4935,0.0,0.3592,0.6408,1,0.0,0.2
14,lossy,20,25,0.4605,0.339,0.0,0.3605,0.6395,1,0.0,0.2
14,lossy,21,22,0.4581,0.3472,0.0,0.3581,0.6419,1,0.0,0.2
14,lossy,22,23,0.4817,0.429,0.0,0.3817,0.6183,1,0.0,0.2
14,lossy,23,18,0.5729,0.4914,0.0,0.3729,0.6271,2,0.0,0.2
14,lossy,24,25,0.4653,0.5002,0.0,0.3653,0.6347,1,0.0,0.2
14,lossy,25,20,0.6008,0.434,0.0,0.4008,0.5992,2,0.0,0.2
15,lossy,2,1,0.4011,0.3628,0.0,0.3011,0.6989,1,0.0,0.2
15,lossy,3,4,0.4748,0.425,0.0,0.3748,0.6252,1,0.0,0.2
15,lossy,4,9,0.4605,0.5287,0.0,0.3605,0.6395,1,0.0,0.2
15,lossy,5,4,0.5785,0.247,0.0,0.3785,0.6215,2,0.0,0.2
15,lossy,6,1,0.4197,0.209,0.0,0.3197,0.6803,1,0.0,0.2
15,lossy,7,8,0.4845,0.2952,0.0,0.3845,0.6155,1,0.0,0.2
15,lossy,8,3,0.5719,0.2627,0.0,0.3719,0.6281,2,0.0,0.2
15,lossy,9,10,0.4571,0.2564,0.0,0.3571,0.6429,1,0.0,0.2
15,lossy,10,15,0.466,0.3952,0.0,0.366,0.634,1,0.0,0.2
15,lossy,11,12,0.4776,0.4779,0.0,0.3776,0.6224,1,0.0,0.2
15,lossy,12,13,0.4556,0.5178,0.0,0.3556,0.6444,1,0.0,0.2
15,lossy,13,14,0.4569,0.4966,0.0,0.3569,0.6431,1,0.0,0.2
15,lossy,14,15,0.474,0.4662,0.0,0.374,0.626,1,0.0,0.2
15,lossy,15,20,0.4671,0.4686,0.0,0.3671,0.6329,1,0.0,0.2
15,lossy,16,17,0.4858,0.4411,0.0,0.3858,0.6142,1,0.0,0.2
15,lossy,17,22,0.4687,0.4298,0.0,0.3687,0.6313,1,0.0,0.2
15,lossy,18,19,0.4752,0.4317,0.0,0.3752,0.6248,1,0.0,0.2
15,lossy,19,20,0.4565,0.4987,0.0,0.3565,0.6435,1,0.0,0.2
15,lossy,20,25,0.4839,0.4619,0.0,0.3839,0.6161,1,0.0,0.2
15,lossy,21,22,0.4771,0.4819,0.0,0.3771,0.6229,1,0.0,0.2
15,lossy,22,23,0.4839,0.4397,0.0,0.3839,0.6161,1,0.0,0.2
15,lossy,23,24,0.4895,0.4485,0.0,0.3895,0.6105,1,0.0,0.2
15,lossy,24,25,0.4616,0.4921,0.0,0.3616,0.6384,1,0.0,0.2
15,lossy,25,20,0.5993,0.4292,0.0,0.3993,0.6007,2,0.0,0.2
16,lossy,2,1,0.4355,0.3873,0.0,0.3355,0.6645,1,0.0,0.2
16,lossy,3,4,0.4658,0.5044,0.0,0.3658,0.6342,1,0.0,0.2
16,lossy,4,5,0.4648,0.4637,0.0,0.3648,0.6352,1,0.0,0.2
16,lossy,5,10,0.4899,0.4568,0.0,0.3899,0.6101,1,0.0,0.2
16,lossy,6,1,0.4277,0.3834,0.0,0.3277,0.6723,1,0.0,0.2
16,lossy,7,8,0.4617,0.4235,0.0,0.3617,0.6383,1,0.0,0.2
16,lossy,8,9,0.4605,0.4427,0.0,0.3605,0.6395,1,0.0,0.2
16,lossy,9,14,0.5006,0.3784,0.0,0.4006,0.5994,1,0.0,0.2
16,lossy,10,5,0.5852,0.346,0.0,0.3852,0.6148,2,0.0,0.2
16,lossy,11,6,0.5857,0.4637,0.0,0.3857,0.6143,2,0.0,0.2
16,lossy,12,13,0.4889,0.3149,0.0,0.3889,0.6111,1,0.0,0.2
16,lossy,13,14,0.4607,0.5079,0.0,0.3607,0.6393,1,0.0,0.2
16,lossy,14,15,0.4822,0.4769,0.0,0.3822,0.6178,1,0.0,0.2
16,lossy,15,19,0.5392,0.2113,0.0,0.4392,0.5608,1,0.0,0.2
16,lossy,16,17,0.4819,0.3775,0.0,0.3819,0.6181,1,0.0,0.2
16,lossy,17,18,0.4703,0.3274,0.0,0.3703,0.6297,1,0.0,0.2
16,lossy,18,19,0.4745,0.4014,0.0,0.3745,0.6255,1,0.0,0.2
16,lossy,19,20,0.4832,0.4673,0.0,0.3832,0.6168,1,0.0,0.2
16,lossy,20,15,0.5947,0.4077,0.0,0.3947,0.6053,2,0.0,0.2
16,lossy,21,22,0.4944,0.4059,0.0,0.3944,0.6056,1,0.0,0.2
16,lossy,22,17,0.5922,0.4533,0.0,0.3922,0.6078,2,0.0,0.2
16,lossy,23,18,0.5959,0.4329,0.0,0.3959,0.6041,2,0.0,0.2
16,lossy,24,25,0.4789,0.3809,0.0,0.3789,0.6211,1,0.0,0.2
16,lossy,25,24,0.5597,0.397,0.0,0.3597,0.6403,2,0.0,0.2
17,lossy,2,1,0.462,0.4402,0.0,0.362,0.638,1,0.0,0.2
17,lossy,3,4,0.4555,0.4721,0.0,0.3555,0.6445,1,0.0,0.2
17,lossy,4,5,0.4862,0.3038,0.0,0.3862,0.6138,1,0.0,0.2
17,lossy,5,9,0.5349,0.2333,0.0,0.4349,0.5651,1,0.0,0.2
17,lossy,6,7,0.4699,0.492,0.0,0.3699,0.6301,1,0.0,0.2
17,lossy,7,8,0.4596,0.4661,0.0,0.3596,0.6404,1,0.0,0.2
17,lossy,8,13,0.4866,0.3387,0.0,0.3866,0.6134,1,0.0,0.2
17,lossy,9,10,0.5026,0.3952,0.0,0.4026,0.5974,1,0.0,0.2
17,lossy,10,15,0.4532,0.4776,0.0,0.3532,0.6468,1,0.0,0.2
17,lossy,11,12,0.4739,0.3635,0.0,0.3739,0.6261,1,0.0,0.2
17,lossy,12,13,0.4804,0.4878,0.0,0.3804,0.6196,1,0.0,0.2
17,lossy,13,17,0.5215,0.2009,0.0,0.4215,0.5785,1,0.0,0.2
17,lossy,14,15,0.4568,0.4833,0.0,0.3568,0.6432,1,0.0,0.2
17,lossy,15,20,0.4808,0.3427,0.0,0.3808,0.6192,1,0.0,0.2
17,lossy,16,17,0.4526,0.4929,0.0,0.3526,0.6474,1,0.0,0.2
17,lossy,17,18,0.4617,0.4129,0.0,0.3617,0.6383,1,0.0,0.2
17,lossy,18,19,0.5003,0.4727,0.0,0.4003,0.5997,1,0.0,0.2
17,lossy,19,20,0.4737,0.4668,0.0,0.3737,0.6263,1,0.0,0.2
17,lossy,20,15,0.5919,0.4662,0.0,0.3919,0.6081,2,0.0,0.2
17,lossy,21,22,0.4678,0.4727,0.0,0.3678,0.6322,1,0.0,0.2
17,lossy,22,23,0.4707,0.473,0.0,0.3707,0.6293,1,0.0,0.2
17,lossy,23,24,0.4707,0.4665,0.0,0.3707,0.6293,1,0.0,0.2
17,lossy,24,25,0.4972,0.4166,0.0,0.3972,0.6028,1,0.0,0.2
17,lossy,25,24,0.5898,0.4098,0.0,0.3898,0.6102,2,0.0,0.2
18,lossy,2,7,0.4734,0.4106,0.0,0.3734,0.6266,1,0.0,0.2
18,lossy,3,4,0.4524,0.346,0.0,0.3524,0.6476,1,0.0,0.2
18,lossy,4,5,0.4821,0.4098,0.0,0.3821,0.6179,1,0.0,0.2
18,lossy,5,10,0.4638,0.4296,0.0,0.3638,0.6362,1,0.0,0.2
18,lossy,6,1,0.4249,0.4996,0.0,0.3249,0.6751,1,0.0,0.2
18,lossy,7,8,0.4695,0.5072,0.0,0.3695,0.6305,1,0.0,0.2
18,lossy,8,9,0.4613,0.3631,0.0,0.3613,0.6387,1,0.0,0.2
18,lossy,9,10,0.4856,0.453,0.0,0.3856,0.6144,1,0.0,0.2
18,lossy,10,15,0.5072,0.4414,0.0,0.4072,0.5928,1,0.0,0.2
18,lossy,11,12,0.4578,0.3266,0.0,0.3578,0.6422,1,0.0,0.2
18,lossy,12,13,0.4931,0.3722,0.0,0.3931,0.6069,1,0.0,0.2
18,lossy,13,18,0.483,0.4867,0.0,0.383,0.617,1,0.0,0.2
18,lossy,14,15,0.4613,0.4848,0.0,0.3613,0.6387,1,0.0,0.2
18,lossy,15,20,0.4913,0.4155,0.0,0.3913,0.6087,1,0.0,0.2
18,lossy,16,17,0.4764,0.4421,0.0,0.3764,0.6236,1,0.0,0.2
18,lossy,17,18,0.4748,0.4438,0.0,0.3748,0.6252,1,0.0,0.2
18,lossy,18,19,0.4764,0.4365,0.0,0.3764,0.6236,1,0.0,0.2
18,lossy,19,20,0.4809,0.4275,0.0,0.3809,0.6191,1,0.0,0.2
18,lossy,20,19,0.5895,0.5063,0.0,0.3895,0.6105,2,0.0,0.2
18,lossy,21,22,0.4687,0.3842,0.0,0.3687,0.6313,1,0.0,0.2
18,lossy,22,23,0.4565,0.4866,0.0,0.3565,0.6435,1,0.0,0.2
18,lossy,23,24,0.4806,0.4743,0.0,0.3806,0.6194,1,0.0,0.2
18,lossy,24,25,0.4648,0.3902,0.0,0.3648,0.6352,1,0.0,0.2
18,lossy,25,24,0.5955,0.4652,0.0,0.3955,0.6045,2,0.0,0.2
19,lossy,2,1,0.4136,0.2843,0.0,0.3136,0.6864,1,0.0,0.2
19,lossy,3,4,0.4806,0.4763,0.0,0.3806,0.6194,1,0.0,0.2
19,lossy,4,5,0.4708,0.426,0.0,0.3708,0.6292,1,0.0,0.2
19,lossy,5,10,0.4981,0.4582,0.0,0.3981,0.6019,1,0.0,0.2
19,lossy,6,1,0.404,0.3179,0.0,0.304,0.696,1,0.0,0.2
19,lossy,7,8,0.467,0.3433,0.0,0.367,0.633,1,0.0,0.2
19,lossy,8,9,0.555,0.3913,0.0,0.455,0.545,1,0.0,0.2
19,lossy,9,10,0.4816,0.3329,0.0,0.3816,0.6184,1,0.0,0.2
19,lossy,10,14,0.5305,0.2859,0.0,0.4305,0.5695,1,0.0,0.2
19,lossy,11,12,0.4497,0.3292,0.0,0.3497,0.6503,1,0.0,0.2
19,lossy,12,7,0.6012,0.4725,0.0,0.4012,0.5988,2,0.0,0.2
19,lossy,13,14,0.4568,0.3664,0.0,0.3568,0.6432,1,0.0,0.2
19,lossy,14,15,0.4722,0.4159,0.0,0.3722,0.6278,1,0.0,0.2
19,lossy,15,10,0.5983,0.3943,0.0,0.3983,0.6017,2,0.0,0.2
19,lossy,16,21,0.4625,0.406,0.0,0.3625,0.6375,1,0.0,0.2
19,lossy,17,18,0.466,0.4297,0.0,0.366,0.634,1,0.0,0.2
19,lossy,18,19,0.4751,0.3558,0.0,0.3751,0.6249,1,0.0,0.2
19,lossy,19,18,0.5825,0.3456,0.0,0.3825,0.6175,2,0.0,0.2
19,lossy,20,25,0.4793,0.496,0.0,0.3793,0.6207,1,0.0,0.2
19,lossy,21,22,0.4704,0.4606,0.0,0.3704,0.6296,1,0.0,0.2
19,lossy,22,23,0.4819,0.5079,0.0,0.3819,0.6181,1,0.0,0.2
19,lossy,23,24,0.4837,0.4515,0.0,0.3837,0.6163,1,0.0,0.2
19,lossy,24,25,0.474,0.365,0.0,0.374,0.626,1,0.0,0.2
19,lossy,25,20,0.5636,0.3273,0.0,0.3636,0.6364,2,0.0,0.2
0,attack,2,1,0.5086,0.4895,0.0087,0.4086,0.5914,1,0.0,0.05
0,attack,3,4,0.5738,0.4962,0.005,0.4738,0.5262,1,0.0,0.05
0,attack,4,5,0.5794,0.4397,0.0,0.4794,0.5206,1,0.0,0.05
0,attack,5,10,0.5789,0.5226,0.0,0.4789,0.5211,1,0.0,0.05
0,attack,6,7,0.5621,0.5021,0.0,0.4621,0.5379,1,0.0,0.05
0,attack,7,8,0.5814,0.4902,0.0,0.4814,0.5186,1,0.0,0.05
0,attack,8,9,0.5568,0.512,0.0,0.4568,0.5432,1,0.0,0.05
0,attack,9,10,0.562,0.4718,0.0,0.462,0.538,1,0.0,0.05
0,attack,10,15,0.5634,0.4885,0.0,0.4634,0.5366,1,0.0,0.05
0,attack,11,16,0.5793,0.488,0.0,0.4793,0.5207,1,0.0,0.05
0,attack,12,13,0.5682,0.474,0.0,0.4682,0.5318,1,0.0,0.05
0,attack,13,14,0.5708,0.4719,0.0,0.4708,0.5292,1,0.0,0.05
0,attack,14,15,0.5499,0.4772,0.0,0.4499,0.5501,1,0.0,0.05
0,attack,15,20,0.5786,0.4818,0.0,0.4786,0.5214,1,0.0,0.05
0,attack,16,17,0.5845,0.5466,0.0359,0.4845,0.5155,1,0.0,0.05
0,attack,17,18,0.5661,0.5364,0.0,0.4661,0.5339,1,0.0,0.05
0,attack,18,19,0.5765,0.5266,0.0,0.4765,0.5235,1,0.0,0.05
0,attack,19,20,0.5546,0.4777,0.0,0.4546,0.5454,1,0.0,0.05
0,attack,20,24,0.6114,0.2999,0.0,0.5114,0.4886,1,0.0,0.05
0,attack,21,22,0.5632,0.4893,0.0058,0.4632,0.5368,1,0.0,0.05
0,attack,22,23,0.5655,0.5236,0.0,0.4655,0.5345,1,0.0,0.05
0,attack,23,24,0.5758,0.5212,0.0,0.4758,0.5242,1,0.0,0.05
0,attack,24,25,0.5649,0.5156,0.0,0.4649,0.5351,1,0.0,0.05
0,attack,25,24,0.6638,0.4595,0.0,0.4638,0.5362,2,0.0,0.05
1,attack,2,1,0.4965,0.4848,0.0,0.3965,0.6035,1,0.0,0.05
1,attack,3,8,0.5649,0.5173,0.0,0.4649,0.5351,1,0.0,0.05
1,attack,4,5,0.5618,0.4915,0.0,0.4618,0.5382,1,0.0,0.05
1,attack,5,10,0.58,0.4452,0.0,0.48,0.52,1,0.0,0.05
1,attack,6,1,0.5101,0.4996,0.0,0.4101,0.5899,1,0.0,0.05
1,attack,7,8,0.5788,0.4942,0.0,0.4788,0.5212,1,0.0,0.05
1,attack,8,9,0.5737,0.5007,0.0,0.4737,0.5263,1,0.0,0.05
1,attack,9,10,0.5885,0.5413,0.0,0.4885,0.5115,1,0.0,0.05
1,attack,10,15,0.5786,0.5351,0.0,0.4786,0.5214,1,0.0,0.05
1,attack,11,12,0.561,0.502,0.0,0.461,0.539,1,0.0,0.05
1,attack,12,13,0.5644,0.5083,0.0,0.4644,0.5356,1,0.0,0.05
1,attack,13,18,0.5525,0.4873,0.0,0.4525,0.5475,1,0.0,0.05
1,attack,14,15,0.572,0.4149,0.0,0.472,0.528,1,0.0,0.05
1,attack,15,20,0.5944,0.5071,0.0,0.4944,0.5056,1,0.0,0.05
1,attack,16,17,0.5718,0.44,0.0,0.4718,0.5282,1,0.0,0.05
1,attack,17,18,0.5574,0.4746,0.0,0.4574,0.5426,1,0.0,0.05
1,attack,18,19,0.5448,0.4951,0.0,0.4448,0.5552,1,0.0,0.05
1,attack,19,20,0.5569,0.5024,0.0,0.4569,0.5431,1,0.0,0.05
1,attack,20,24,0.6251,0.3221,0.0,0.5251,0.4749,1,0.0,0.05
1,attack,21,22,0.5551,0.4533,0.0,0.4551,0.5449,1,0.0,0.05
1,attack,22,23,0.572,0.4376,0.0,0.472,0.528,1,0.0,0.05
1,attack,23,24,0.5689,0.5172,0.0,0.4689,0.5311,1,0.0,0.05
1,attack,24,25,0.572,0.5146,0.0029,0.472,0.528,1,0.0,0.05
1,attack,25,20,0.6727,0.4429,0.0126,0.4727,0.5273,2,0.0,0.05
2,attack,2,1,0.5099,0.4889,0.0,0.4099,0.5901,1,0.0,0.05
2,attack,3,4,0.5737,0.4905,0.0,0.4737,0.5263,1,0.0,0.05
2,attack,4,5,0.5569,0.507,0.0,0.4569,0.5431,1,0.0,0.05
2,attack,5,9,0.6138,0.2732,0.0,0.5138,0.4862,1,0.0,0.05
2,attack,6,1,0.5043,0.4692,0.0085,0.4043,0.5957,1,0.0,0.05
2,attack,7,8,0.5781,0.4711,0.0,0.4781,0.5219,1,0.0,0.05
2,attack,8,9,0.5726,0.4982,0.0,0.4726,0.5274,1,0.0,0.05
2,attack,9,10,0.5585,0.4788,0.0046,0.4585,0.5415,1,0.0,0.05
2,attack,10,15,0.5459,0.486,0.0,0.4459,0.5541,1,0.0,0.05
2,attack,11,12,0.5568,0.4997,0.0,0.4568,0.5432,1,0.0,0.05
2,attack,12,13,0.58,0.4741,0.0,0.48,0.52,1,0.0,0.05
2,attack,13,14,0.5656,0.488,0.0,0.4656,0.5344,1,0.0,0.05
2,attack,14,15,0.5847,0.4853,0.0,0.4847,0.5153,1,0.0,0.05
2,attack,15,20,0.5517,0.4378,0.0,0.4517,0.5483,1,0.0,0.05
2,attack,16,17,0.5557,0.5327,0.0,0.4557,0.5443,1,0.0,0.05
2,attack,17,18,0.5652,0.4911,0.0107,0.4652,0.5348,1,0.0,0.05
2,attack,18,19,0.5749,0.4694,0.0,0.4749,0.5251,1,0.0,0.05
2,attack,19,20,0.5808,0.5182,0.0,0.4808,0.5192,1,0.0,0.05
2,attack,20,25,0.5909,0.4859,0.0,0.4909,0.5091,1,0.0,0.05
2,attack,21,22,0.5628,0.3216,0.0,0.4628,0.5372,1,0.0,0.05
2,attack,22,23,0.5787,0.474,0.0,0.4787,0.5213,1,0.0,0.05
2,attack,23,24,0.5707,0.5022,0.0,0.4707,0.5293,1,0.0,0.05
2,attack,24,25,0.5723,0.4345,0.0,0.4723,0.5277,1,0.0,0.05
2,attack,25,24,0.6704,0.5269,0.0,0.4704,0.5296,2,0.0,0.05
3,attack,2,1,0.5253,0.5181,0.0,0.4253,0.5747,1,0.0,0.05
3,attack,3,4,0.5716,0.4998,0.0,0.4716,0.5284,1,0.0,0.05
3,attack,4,9,0.5641,0.529,0.0,0.4641,0.5359,1,0.0,0.05
3,attack,5,10,0.5709,0.4455,0.0,0.4709,0.5291,1,0.0,0.05
3,attack,6,1,0.5318,0.4581,0.0,0.4318,0.5682,1,0.0,0.05
3,attack,7,8,0.5758,0.4914,0.0,0.4758,0.5242,1,0.0,0.05
3,attack,8,13,0.5462,0.5074,0.0,0.4462,0.5538,1,0.0,0.05
3,attack,9,10,0.5611,0.5218,0.0,0.4611,0.5389,1,0.0,0.05
3,attack,10,15,0.5367,0.4972,0.0,0.4367,0.5633,1,0.0,0.05
3,attack,11,12,0.5701,0.4899,0.0,0.4701,0.5299,1,0.0,0.05
3,attack,12,13,0.563,0.508,0.0,0.463,0.537,1,0.0,0.05
3,attack,13,14,0.5557,0.4217,0.0,0.4557,0.5443,1,0.0,0.05
3,attack,14,15,0.5475,0.4865,0.0053,0.4475,0.5525,1,0.0,0.05
3,attack,15,19,0.6242,0.3239,0.0,0.5242,0.4758,1,0.0,0.05
3,attack,16,17,0.5639,0.4114,0.0,0.4639,0.5361,1,0.0,0.05
3,attack,17,18,0.5775,0.4808,0.0,0.4775,0.5225,1,0.0,0.05
3,attack,18,19,0.5775,0.4169,0.0,0.4775,0.5225,1,0.0,0.05
3,attack,19,20,0.5531,0.4846,0.0,0.4531,0.5469,1,0.0,0.05
3,attack,20,25,0.5797,0.4749,0.0,0.4797,0.5203,1,0.0,0.05
3,attack,21,22,0.5609,0.4928,0.0,0.4609,0.5391,1,0.0,0.05
3,attack,22,23,0.5575,0.4639,0.0,0.4575,0.5425,1,0.0,0.05
3,attack,23,24,0.5569,0.5065,0.0,0.4569,0.5431,1,0.0,0.05
3,attack,24,25,0.5808,0.4677,0.0,0.4808,0.5192,1,0.0,0.05
3,attack,25,24,0.6805,0.5276,0.0025,0.4805,0.5195,2,0.0,0.05
4,attack,2,1,0.5032,0.5243,0.0,0.4032,0.5968,1,0.0,0.05
4,attack,3,4,0.5614,0.4822,0.0,0.4614,0.5386,1,0.0,0.05
4,attack,4,5,0.5863,0.4964,0.0,0.4863,0.5137,1,0.0,0.05
4,attack,5,10,0.5755,0.4157,0.0,0.4755,0.5245,1,0.0,0.05
4,attack,6,1,0.5306,0.427,0.0,0.4306,0.5694,1,0.0,0.05
4,attack,7,8,0.5743,0.4668,0.0,0.4743,0.5257,1,0.0,0.05
4,attack,8,9,0.5908,0.4482,0.0,0.4908,0.5092,1,0.0,0.05
4,attack,9,10,0.5471,0.4034,0.0,0.4471,0.5529,1,0.0,0.05
4,attack,10,15,0.5646,0.505,0.0,0.4646,0.5354,1,0.0,0.05
4,attack,11,12,0.554,0.4681,0.0,0.454,0.546,1,0.0,0.05
4,attack,12,13,0.5591,0.462,0.0,0.4591,0.5409,1,0.0,0.05
4,attack,13,14,0.5829,0.5335,0.0,0.4829,0.5171,1,0.0,0.05
4,attack,14,15,0.5604,0.434,0.0,0.4604,0.5396,1,0.0,0.05
4,attack,15,19,0.6227,0.3078,0.0,0.5227,0.4773,1,0.0,0.05
4,attack,16,17,0.5654,0.4959,0.0,0.4654,0.5346,1,0.0,0.05
4,attack,17,18,0.5658,0.4792,0.0,0.4658,0.5342,1,0.0,0.05
4,attack,18,19,0.583,0.4509,0.0,0.483,0.517,1,0.0,0.05
4,attack,19,20,0.5685,0.475,0.0136,0.4685,0.5315,1,0.0,0.05
4,attack,20,24,0.619,0.28,0.0,0.519,0.481,1,0.0,0.05
4,attack,21,22,0.5658,0.4664,0.0,0.4658,0.5342,1,0.0,0.05
4,attack,22,23,0.5563,0.5267,0.0,0.4563,0.5437,1,0.0,0.05
4,attack,23,18,0.6655,0.5053,0.0,0.4655,0.5345,2,0.0,0.05
4,attack,24,25,0.5748,0.492,0.0,0.4748,0.5252,1,0.0,0.05
4,attack,25,24,0.6888,0.5162,0.0,0.4888,0.5112,2,0.0,0.05
5,attack,2,1,0.5131,0.5131,0.0,0.4131,0.5869,1,0.0,0.05
5,attack,3,4,0.582,0.4914,0.0,0.482,0.518,1,0.0,0.05
5,attack,4,5,0.5549,0.5254,0.0,0.4549,0.5451,1,0.0,0.05
5,attack,5,10,0.5406,0.5406,0.0,0.4406,0.5594,1,0.0,0.05
5,attack,6,1,0.5145,0.5286,0.0,0.4145,0.5855,1,0.0,0.05
5,attack,7,8,0.5677,0.5102,0.0,0.4677,0.5323,1,0.0,0.05
5,attack,8,9,0.556,0.4545,0.0098,0.456,0.544,1,0.0,0.05
5,attack,9,10,0.5606,0.4699,0.0,0.4606,0.5394,1,0.0,0.05
5,attack,10,15,0.5688,0.4889,0.0,0.4688,0.5312,1,0.0,0.05
5,attack,11,12,0.5575,0.4505,0.0,0.4575,0.5425,1,0.0,0.05
5,attack,12,13,0.5558,0.4854,0.0,0.4558,0.5442,1,0.0,0.05
5,attack,13,14,0.5842,0.4151,0.0,0.4842,0.5158,1,0.0,0.05
5,attack,14,15,0.5827,0.5031,0.0,0.4827,0.5173,1,0.0,0.05
5,attack,15,19,0.6179,0.2743,0.0,0.5179,0.4821,1,0.0,0.05
5,attack,16,17,0.5816,0.4647,0.0,0.4816,0.5184,1,0.0,0.05
5,attack,17,18,0.5658,0.3638,0.0,0.4658,0.5342,1,0.0,0.05
5,attack,18,19,0.5642,0.4824,0.0,0.4642,0.5358,1,0.0,0.05
5,attack,19,20,0.5758,0.5044,0.0,0.4758,0.5242,1,0.0,0.05
5,attack,20,25,0.537,0.4466,0.0,0.437,0.563,1,0.0,0.05
5,attack,21,22,0.5761,0.4679,0.0,0.4761,0.5239,1,0.0,0.05
5,attack,22,23,0.5476,0.4999,0.0,0.4476,0.5524,1,0.0,0.05
5,attack,23,24,0.5776,0.5102,0.0,0.4776,0.5224,1,0.0,0.05
5,attack,24,25,0.5589,0.5288,0.0,0.4589,0.5411,1,0.0,0.05
5,attack,25,20,0.6859,0.474,0.0,0.4859,0.5141,2,0.0,0.05
6,attack,2,1,0.5093,0.4418,0.0,0.4093,0.5907,1,0.0,0.05
6,attack,3,4,0.5845,0.5075,0.0214,0.4845,0.5155,1,0.0,0.05
6,attack,4,5,0.5629,0.4114,0.0,0.4629,0.5371,1,0.0,0.05
6,attack,5,10,0.5464,0.5008,0.0405,0.4464,0.5536,1,0.0,0.05
6,attack,6,1,0.5204,0.2931,0.0,0.4204,0.5796,1,0.0,0.05
6,attack,7,8,0.5446,0.4998,0.0,0.4446,0.5554,1,0.0,0.05
6,attack,8,9,0.5476,0.3273,0.0,0.4476,0.5524,1,0.0,0.05
6,attack,9,10,0.5657,0.515,0.0,0.4657,0.5343,1,0.0,0.05
6,attack,10,15,0.5584,0.4504,0.0,0.4584,0.5416,1,0.0,0.05
6,attack,11,12,0.5755,0.4729,0.0,0.4755,0.5245,1,0.0,0.05
6,attack,12,13,0.5782,0.466,0.0,0.4782,0.5218,1,0.0,0.05
6,attack,13,14,0.5713,0.4884,0.0,0.4713,0.5287,1,0.0,0.05
6,attack,14,15,0.5619,0.4947,0.0,0.4619,0.5381,1,0.0,0.05
6,attack,15,20,0.5746,0.41,0.0,0.4746,0.5254,1,0.0,0.05
6,attack,16,17,0.5702,0.4681,0.0,0.4702,0.5298,1,0.0,0.05
6,attack,17,18,0.5711,0.4769,0.0,0.4711,0.5289,1,0.0,0.05
6,attack,18,19,0.5639,0.5082,0.0,0.4639,0.5361,1,0.0,0.05
6,attack,19,20,0.5779,0.4787,0.0,0.4779,0.5221,1,0.0,0.05
6,attack,20,25,0.5524,0.5105,0.0,0.4524,0.5476,1,0.0,0.05
6,attack,21,22,0.5631,0.492,0.0,0.4631,0.5369,1,0.0,0.05
6,attack,22,23,0.555,0.4921,0.0,0.455,0.545,1,0.0,0.05
6,attack,23,24,0.5755,0.468,0.0,0.4755,0.5245,1,0.0,0.05
6,attack,24,25,0.5808,0.5127,0.0,0.4808,0.5192,1,0.0,0.05
6,attack,25,20,0.679,0.5081,0.0,0.479,0.521,2,0.0,0.05
7,attack,2,1,0.5574,0.5076,0.0103,0.4574,0.5426,1,0.0,0.05
7,attack,3,4,0.5614,0.5456,0.0,0.4614,0.5386,1,0.0,0.05
7,attack,4,5,0.561,0.4797,0.0016,0.461,0.539,1,0.0,0.05
7,attack,5,10,0.5785,0.5273,0.0,0.4785,0.5215,1,0.0,0.05
7,attack,6,1,0.5194,0.5216,0.0,0.4194,0.5806,1,0.0,0.05
7,attack,7,1,0.5984,0.2949,0.0,0.4984,0.5016,1,0.0,0.05
7,attack,8,9,0.556,0.5129,0.0,0.456,0.544,1,0.0,0.05
7,attack,9,10,0.5885,0.4969,0.0,0.4885,0.5115,1,0.0,0.05
7,attack,10,15,0.579,0.4427,0.0,0.479,0.521,1,0.0,0.05
7,attack,11,12,0.5526,0.4612,0.0,0.4526,0.5474,1,0.0,0.05
7,attack,12,13,0.5629,0.4777,0.0,0.4629,0.5371,1,0.0,0.05
7,attack,13,14,0.5596,0.3295,0.0,0.4596,0.5404,1,0.0,0.05
7,attack,14,15,0.5816,0.5069,0.0,0.4816,0.5184,1,0.0,0.05
7,attack,15,20,0.5494,0.496,0.0,0.4494,0.5506,1,0.0,0.05
7,attack,16,17,0.5662,0.4932,0.0,0.4662,0.5338,1,0.0,0.05
7,attack,17,18,0.5806,0.5043,0.0,0.4806,0.5194,1,0.0,0.05
7,attack,18,19,0.5963,0.5197,0.0,0.4963,0.5037,1,0.0,0.05
7,attack,19,20,0.5518,0.5144,0.0,0.4518,0.5482,1,0.0,0.05
7,attack,20,25,0.5663,0.4694,0.0,0.4663,0.5337,1,0.0,0.05
7,attack,21,22,0.5865,0.4939,0.0,0.4865,0.5135,1,0.0,0.05
7,attack,22,23,0.593,0.5021,0.0,0.493,0.507,1,0.0,0.05
7,attack,23,24,0.5588,0.4937,0.0,0.4588,0.5412,1,0.0,0.05
7,attack,24,25,0.5627,0.5021,0.0,0.4627,0.5373,1,0.0,0.05
7,attack,25,20,0.6648,0.4731,0.0,0.4648,0.5352,2,0.0,0.05
8,attack,2,1,0.5057,0.469,0.0,0.4057,0.5943,1,0.0,0.05
8,attack,3,4,0.5601,0.4345,0.0,0.4601,0.5399,1,0.0,0.05
8,attack,4,5,0.5675,0.5345,0.0,0.4675,0.5325,1,0.0,0.05
8,attack,5,9,0.6174,0.2702,0.0,0.5174,0.4826,1,0.0,0.05
8,attack,6,1,0.5181,0.4955,0.0,0.4181,0.5819,1,0.0,0.05
8,attack,7,8,0.5563,0.4729,0.0,0.4563,0.5437,1,0.0,0.05
8,attack,8,9,0.5685,0.4826,0.0,0.4685,0.5315,1,0.0,0.05
8,attack,9,10,0.5585,0.4641,0.0,0.4585,0.5415,1,0.0,0.05
8,attack,10,14,0.6243,0.3072,0.0,0.5243,0.4757,1,0.0,0.05
8,attack,11,12,0.5718,0.4814,0.0,0.4718,0.5282,1,0.0,0.05
8,attack,12,13,0.5652,0.4952,0.0,0.4652,0.5348,1,0.0,0.05
8,attack,13,14,0.5748,0.5192,0.0025,0.4748,0.5252,1,0.0,0.05
8,attack,14,15,0.5755,0.5215,0.0,0.4755,0.5245,1,0.0,0.05
8,attack,15,19,0.6129,0.3004,0.0,0.5129,0.4871,1,0.0,0.05
8,attack,16,17,0.5678,0.4791,0.0,0.4678,0.5322,1,0.0,0.05
8,attack,17,18,0.5615,0.4672,0.0,0.4615,0.5385,1,0.0,0.05
8,attack,18,19,0.5735,0.4792,0.0,0.4735,0.5265,1,0.0,0.05
8,attack,19,20,0.5765,0.5523,0.0,0.4765,0.5235,1,0.0,0.05
8,attack,20,25,0.5587,0.4826,0.0,0.4587,0.5413,1,0.0,0.05
8,attack,21,22,0.5852,0.5068,0.0,0.4852,0.5148,1,0.0,0.05
8,attack,22,23,0.583,0.4947,0.0,0.483,0.517,1,0.0,0.05
8,attack,23,24,0.5531,0.5169,0.0,0.4531,0.5469,1,0.0,0.05
8,attack,24,25,0.569,0.4983,0.0,0.469,0.531,1,0.0,0.05
8,attack,25,24,0.6717,0.4812,0.0,0.4717,0.5283,2,0.0,0.05
9,attack,2,1,0.5144,0.428,0.0,0.4144,0.5856,1,0.0,0.05
9,attack,3,4,0.5684,0.4967,0.0,0.4684,0.5316,1,0.0,0.05
9,attack,4,5,0.5727,0.4663,0.0,0.4727,0.5273,1,0.0,0.05
9,attack,5,10,0.57,0.4668,0.0,0.47,0.53,1,0.0,0.05
9,attack,6,7,0.5562,0.5372,0.0,0.4562,0.5438,1,0.0,0.05
9,attack,7,8,0.5712,0.4369,0.0,0.4712,0.5288,1,0.0,0.05
9,attack,8,9,0.5695,0.3677,0.0,0.4695,0.5305,1,0.0,0.05
9,attack,9,10,0.564,0.4997,0.0,0.464,0.536,1,0.0,0.05
9,attack,10,14,0.6187,0.2659,0.0,0.5187,0.4813,1,0.0,0.05
9,attack,11,12,0.5371,0.524,0.0102,0.4371,0.5629,1,0.0,0.05
9,attack,12,13,0.5557,0.4349,0.0,0.4557,0.5443,1,0.0,0.05
9,attack,13,14,0.5651,0.4986,0.0,0.4651,0.5349,1,0.0,0.05
9,attack,14,15,0.5683,0.4818,0.0,0.4683,0.5317,1,0.0,0.05
9,attack,15,20,0.5663,0.4537,0.0,0.4663,0.5337,1,0.0,0.05
9,attack,16,17,0.5842,0.4936,0.0014,0.4842,0.5158,1,0.0,0.05
9,attack,17,22,0.6314,0.5155,0.0,0.5314,0.4686,1,0.0,0.05
9,attack,18,19,0.5617,0.4922,0.0,0.4617,0.5383,1,0.0,0.05
9,attack,19,20,0.5665,0.4834,0.0,0.4665,0.5335,1,0.0,0.05
9,attack,20,24,0.6034,0.3245,0.0,0.5034,0.4966,1,0.0,0.05
9,attack,21,22,0.5737,0.5,0.0,0.4737,0.5263,1,0.0,0.05
9,attack,22,23,0.5609,0.4724,0.0,0.4609,0.5391,1,0.0,0.05
9,attack,23,24,0.5681,0.453,0.0,0.4681,0.5319,1,0.0,0.05
9,attack,24,25,0.5794,0.5013,0.0,0.4794,0.5206,1,0.0,0.05
9,attack,25,24,0.6746,0.5142,0.0,0.4746,0.5254,2,0.0,0.05
10,attack,2,1,0.5237,0.5137,0.0,0.4237,0.5763,1,0.0,0.05
10,attack,3,8,0.5732,0.4977,0.0,0.4732,0.5268,1,0.0,0.05
10,attack,4,5,0.6003,0.4742,0.0,0.5003,0.4997,1,0.0,0.05
10,attack,5,10,0.5656,0.541,0.0,0.4656,0.5344,1,0.0,0.05
10,attack,6,1,0.5042,0.5068,0.0,0.4042,0.5958,1,0.0,0.05
10,attack,7,12,0.5513,0.4861,0.02,0.4513,0.5487,1,0.0,0.05
10,attack,8,9,0.5775,0.5072,0.0,0.4775,0.5225,1,0.0,0.05
10,attack,9,10,0.5602,0.4995,0.0,0.4602,0.5398,1,0.0,0.05
10,attack,10,15,0.5661,0.4672,0.0,0.4661,0.5339,1,0.0,0.05
10,attack,11,12,0.5824,0.4725,0.0,0.4824,0.5176,1,0.0,0.05
10,attack,12,13,0.5817,0.4703,0.0,0.4817,0.5183,1,0.0,0.05
10,attack,13,14,0.5622,0.4171,0.0,0.4622,0.5378,1,0.0,0.05
10,attack,14,15,0.584,0.4674,0.0,0.484,0.516,1,0.0,0.05
10,attack,15,20,0.5515,0.4948,0.0,0.4515,0.5485,1,0.0,0.05
10,attack,16,17,0.5845,0.4663,0.0,0.4845,0.5155,1,0.0,0.05
10,attack,17,18,0.5599,0.4826,0.0,0.4599,0.5401,1,0.0,0.05
10,attack,18,19,0.5737,0.5372,0.0,0.4737,0.5263,1,0.0,0.05
10,attack,19,20,0.5673,0.5293,0.0,0.4673,0.5327,1,0.0,0.05
10,attack,20,25,0.5548,0.5396,0.0,0.4548,0.5452,1,0.0,0.05
10,attack,21,22,0.596,0.4605,0.0,0.496,0.504,1,0.0,0.05
10,attack,22,23,0.565,0.5284,0.0,0.465,0.535,1,0.0,0.05
10,attack,23,24,0.5671,0.4929,0.0,0.4671,0.5329,1,0.0,0.05
10,attack,24,25,0.5747,0.4616,0.0,0.4747,0.5253,1,0.0,0.05
10,attack,25,20,0.6685,0.5077,0.0,0.4685,0.5315,2,0.0,0.05
11,attack,2,1,0.4839,0.4497,0.0,0.3839,0.6161,1,0.0,0.05
11,attack,3,4,0.5685,0.4791,0.0028,0.4685,0.5315,1,0.0,0.05
11,attack,4,5,0.5645,0.504,0.0,0.4645,0.5355,1,0.0,0.05
11,attack,5,9,0.5916,0.282,0.0,0.4916,0.5084,1,0.0,0.05
11,attack,6,1,0.4967,0.4581,0.0192,0.3967,0.6033,1,0.0,0.05
11,attack,7,8,0.5764,0.4837,0.0,0.4764,0.5236,1,0.0,0.05
11,attack,8,9,0.5718,0.4946,0.0019,0.4718,0.5282,1,0.0,0.05
11,attack,9,10,0.5776,0.4416,0.0,0.4776,0.5224,1,0.0,0.05
11,attack,10,15,0.5754,0.4992,0.0,0.4754,0.5246,1,0.0,0.05
11,attack,11,12,0.5721,0.4805,0.0,0.4721,0.5279,1,0.0,0.05
11,attack,12,13,0.5525,0.502,0.0,0.4525,0.5475,1,0.0,0.05
11,attack,13,14,0.5694,0.5355,0.0,0.4694,0.5306,1,0.0,0.05
11,attack,14,15,0.5727,0.4996,0.0,0.4727,0.5273,1,0.0,0.05
11,attack,15,20,0.5752,0.3966,0.0,0.4752,0.5248,1,0.0,0.05
11,attack,16,17,0.5783,0.491,0.0,0.4783,0.5217,1,0.0,0.05
11,attack,17,18,0.5655,0.5053,0.0,0.4655,0.5345,1,0.0,0.05
11,attack,18,19,0.557,0.5119,0.0,0.457,0.543,1,0.0,0.05
11,attack,19,20,0.5468,0.466,0.0,0.4468,0.5532,1,0.0,0.05
11,attack,20,24,0.6297,0.2695,0.0,0.5297,0.4703,1,0.0,0.05
11,attack,21,22,0.5704,0.402,0.0,0.4704,0.5296,1,0.0,0.05
11,attack,22,23,0.5524,0.4966,0.0198,0.4524,0.5476,1,0.0,0.05
11,attack,23,24,0.5854,0.441,0.0,0.4854,0.5146,1,0.0,0.05
11,attack,24,25,0.5493,0.5063,0.0,0.4493,0.5507,1,0.0,0.05
11,attack,25,20,0.6564,0.4629,0.0,0.4564,0.5436,2,0.0,0.05
12,attack,2,1,0.5234,0.5223,0.0,0.4234,0.5766,1,0.0,0.05
12,attack,3,4,0.554,0.5054,0.0,0.454,0.546,1,0.0,0.05
12,attack,4,5,0.5668,0.5295,0.0,0.4668,0.5332,1,0.0,0.05
12,attack,5,10,0.5709,0.5225,0.0,0.4709,0.5291,1,0.0,0.05
12,attack,6,1,0.5308,0.4826,0.0,0.4308,0.5692,1,0.0,0.05
12,attack,7,12,0.5613,0.4048,0.0,0.4613,0.5387,1,0.0,0.05
12,attack,8,9,0.5702,0.5059,0.0,0.4702,0.5298,1,0.0,0.05
12,attack,9,10,0.5779,0.5113,0.0,0.4779,0.5221,1,0.0,0.05
12,attack,10,15,0.5738,0.5198,0.0,0.4738,0.5262,1,0.0,0.05
12,attack,11,12,0.5852,0.4677,0.0,0.4852,0.5148,1,0.0,0.05
12,attack,12,13,0.5692,0.4975,0.0,0.4692,0.5308,1,0.0,0.05
12,attack,13,14,0.5792,0.5113,0.0,0.4792,0.5208,1,0.0,0.05
12,attack,14,15,0.5619,0.4456,0.0,0.4619,0.5381,1,0.0,0.05
12,attack,15,20,0.5766,0.5164,0.0117,0.4766,0.5234,1,0.0,0.05
12,attack,16,17,0.5748,0.5374,0.0222,0.4748,0.5252,1,0.0,0.05
12,attack,17,18,0.5529,0.5108,0.0,0.4529,0.5471,1,0.0,0.05
12,attack,18,23,0.5406,0.4787,0.0,0.4406,0.5594,1,0.0,0.05
12,attack,19,20,0.5735,0.4092,0.0,0.4735,0.5265,1,0.0,0.05
12,attack,20,25,0.5772,0.3894,0.0,0.4772,0.5228,1,0.0,0.05
12,attack,21,22,0.5602,0.4785,0.0011,0.4602,0.5398,1,0.0,0.05
12,attack,22,23,0.5707,0.5042,0.0,0.4707,0.5293,1,0.0,0.05
12,attack,23,24,0.5794,0.4957,0.0,0.4794,0.5206,1,0.0,0.05
12,attack,24,25,0.5785,0.5019,0.0,0.4785,0.5215,1,0.0,0.05
12,attack,25,20,0.6864,0.4253,0.0045,0.4864,0.5136,2,0.0,0.05
13,attack,2,1,0.522,0.5098,0.0,0.422,0.578,1,0.0,0.05
13,attack,3,4,0.5589,0.4361,0.0,0.4589,0.5411,1,0.0,0.05
13,attack,4,5,0.5958,0.5025,0.0,0.4958,0.5042,1,0.0,0.05
13,attack,5,9,0.6213,0.2809,0.0,0.5213,0.4787,1,0.0,0.05
13,attack,6,1,0.5009,0.5161,0.0,0.4009,0.5991,1,0.0,0.05
13,attack,7,8,0.5598,0.4946,0.0,0.4598,0.5402,1,0.0,0.05
13,attack,8,9,0.5763,0.482,0.0,0.4763,0.5237,1,0.0,0.05
13,attack,9,10,0.5619,0.4963,0.0,0.4619,0.5381,1,0.0,0.05
13,attack,10,15,0.5652,0.4644,0.0,0.4652,0.5348,1,0.0,0.05
13,attack,11,12,0.572,0.4096,0.0,0.472,0.528,1,0.0,0.05
13,attack,12,13,0.5596,0.4916,0.0,0.4596,0.5404,1,0.0,0.05
13,attack,13,14,0.5716,0.4864,0.0131,0.4716,0.5284,1,0.0,0.05
13,attack,14,15,0.5764,0.5142,0.0,0.4764,0.5236,1,0.0,0.05
13,attack,15,20,0.5617,0.5135,0.0,0.4617,0.5383,1,0.0,0.05
13,attack,16,17,0.5769,0.504,0.0,0.4769,0.5231,1,0.0,0.05
13,attack,17,18,0.5598,0.4722,0.0,0.4598,0.5402,1,0.0,0.05
13,attack,18,19,0.5707,0.4601,0.0,0.4707,0.5293,1,0.0,0.05
13,attack,19,20,0.5627,0.4824,0.0,0.4627,0.5373,1,0.0,0.05
13,attack,20,25,0.5498,0.4952,0.0,0.4498,0.5502,1,0.0,0.05
13,attack,21,22,0.5667,0.5114,0.0,0.4667,0.5333,1,0.0,0.05
13,attack,22,23,0.5559,0.4698,0.0,0.4559,0.5441,1,0.0,0.05
13,attack,23,24,0.5547,0.5121,0.0,0.4547,0.5453,1,0.0,0.05
13,attack,24,25,0.5527,0.5041,0.0,0.4527,0.5473,1,0.0,0.05
13,attack,25,20,0.68,0.5038,0.0,0.48,0.52,2,0.0,0.05
14,attack,2,1,0.522,0.4887,0.0,0.422,0.578,1,0.0,0.05
14,attack,3,4,0.5583,0.3849,0.0,0.4583,0.5417,1,0.0,0.05
14,attack,4,5,0.5722,0.5326,0.0,0.4722,0.5278,1,0.0,0.05
14,attack,5,10,0.5761,0.5095,0.0,0.4761,0.5239,1,0.0,0.05
14,attack,6,1,0.5229,0.5159,0.0,0.4229,0.5771,1,0.0,0.05
14,attack,7,8,0.5701,0.4859,0.0,0.4701,0.5299,1,0.0,0.05
14,attack,8,9,0.5623,0.4894,0.0,0.4623,0.5377,1,0.0,0.05
14,attack,9,14,0.5593,0.464,0.0,0.4593,0.5407,1,0.0,0.05
14,attack,10,15,0.5812,0.5421,0.0,0.4812,0.5188,1,0.0,0.05
14,attack,11,12,0.5534,0.489,0.0,0.4534,0.5466,1,0.0,0.05
14,attack,12,13,0.5705,0.5187,0.0,0.4705,0.5295,1,0.0,0.05
14,attack,13,18,0.5542,0.4858,0.0,0.4542,0.5458,1,0.0,0.05
14,attack,14,15,0.5911,0.4194,0.0,0.4911,0.5089,1,0.0,0.05
14,attack,15,20,0.5676,0.5117,0.0,0.4676,0.5324,1,0.0,0.05
14,attack,16,17,0.5774,0.5026,0.0,0.4774,0.5226,1,0.0,0.05
14,attack,17,18,0.562,0.4928,0.0,0.462,0.538,1,0.0,0.05
14,attack,18,19,0.5442,0.4912,0.0,0.4442,0.5558,1,0.0,0.05
14,attack,19,20,0.5544,0.4935,0.0,0.4544,0.5456,1,0.0,0.05
14,attack,20,25,0.5556,0.5249,0.0,0.4556,0.5444,1,0.0,0.05
14,attack,21,22,0.5536,0.3488,0.0007,0.4536,0.5464,1,0.0,0.05
14,attack,22,23,0.5739,0.5177,0.0,0.4739,0.5261,1,0.0,0.05
14,attack,23,24,0.5607,0.5309,0.0,0.4607,0.5393,1,0.0,0.05
14,attack,24,25,0.5597,0.5215,0.0,0.4597,0.5403,1,0.0,0.05
14,attack,25,20,0.6885,0.4771,0.0,0.4885,0.5115,2,0.0,0.05
15,attack,2,1,0.5483,0.463,0.0,0.4483,0.5517,1,0.0,0.05
15,attack,3,4,0.568,0.5249,0.0,0.468,0.532,1,0.0,0.05
15,attack,4,5,0.5639,0.4269,0.0,0.4639,0.5361,1,0.0,0.05
15,attack,5,10,0.5665,0.4827,0.0,0.4665,0.5335,1,0.0,0.05
15,attack,6,1,0.5116,0.4196,0.0,0.4116,0.5884,1,0.0,0.05
15,attack,7,8,0.5764,0.4048,0.0,0.4764,0.5236,1,0.0,0.05
15,attack,8,9,0.5846,0.4807,0.0,0.4846,0.5154,1,0.0,0.05
15,attack,9,10,0.5526,0.3844,0.0,0.4526,0.5474,1,0.0,0.05
15,attack,10,15,0.5603,0.5227,0.0,0.4603,0.5397,1,0.0,0.05
15,attack,11,12,0.5704,0.5032,0.0,0.4704,0.5296,1,0.0,0.05
15,attack,12,13,0.5514,0.518,0.0,0.4514,0.5486,1,0.0,0.05
15,attack,13,14,0.5525,0.5042,0.0,0.4525,0.5475,1,0.0,0.05
15,attack,14,15,0.5673,0.4914,0.0,0.4673,0.5327,1,0.0,0.05
15,attack,15,20,0.5613,0.4859,0.0,0.4613,0.5387,1,0.0,0.05
15,attack,16,17,0.5775,0.5154,0.0,0.4775,0.5225,1,0.0,0.05
15,attack,17,22,0.5627,0.4753,0.0,0.4627,0.5373,1,0.0,0.05
15,attack,18,19,0.5683,0.5249,0.0,0.4683,0.5317,1,0.0,0.05
15,attack,19,20,0.5521,0.5219,0.0,0.4521,0.5479,1,0.0,0.05
15,attack,20,25,0.5758,0.4797,0.0,0.4758,0.5242,1,0.0,0.05
15,attack,21,22,0.57,0.5011,0.0117,0.47,0.53,1,0.0,0.05
15,attack,22,23,0.5759,0.5275,0.0,0.4759,0.5241,1,0.0,0.05
15,attack,23,24,0.5807,0.5063,0.0,0.4807,0.5193,1,0.0,0.05
15,attack,24,25,0.5565,0.507,0.0,0.4565,0.5435,1,0.0,0.05
15,attack,25,20,0.6865,0.4807,0.0,0.4865,0.5135,2,0.0,0.05
16,attack,2,1,0.5277,0.4966,0.0059,0.4277,0.5723,1,0.0,0.05
16,attack,3,4,0.5602,0.5143,0.0,0.4602,0.5398,1,0.0,0.05
16,attack,4,5,0.5593,0.4976,0.0,0.4593,0.5407,1,0.0,0.05
16,attack,5,9,0.6266,0.2917,0.0,0.5266,0.4734,1,0.0,0.05
16,attack,6,1,0.5041,0.3929,0.0,0.4041,0.5959,1,0.0,0.05
16,attack,7,8,0.5566,0.4836,0.0,0.4566,0.5434,1,0.0,0.05
16,attack,8,9,0.5556,0.5135,0.0,0.4556,0.5444,1,0.0,0.05
16,attack,9,14,0.5904,0.503,0.0,0.4904,0.5096,1,0.0,0.05
16,attack,10,15,0.5639,0.4888,0.0,0.4639,0.5361,1,0.0,0.05
16,attack,11,16,0.5581,0.4821,0.0,0.4581,0.5419,1,0.0,0.05
16,attack,12,13,0.5801,0.4458,0.0,0.4801,0.5199,1,0.0,0.05
16,attack,13,14,0.5558,0.5083,0.0,0.4558,0.5442,1,0.0,0.05
16,attack,14,15,0.5744,0.5102,0.0,0.4744,0.5256,1,0.0,0.05
16,attack,15,20,0.5693,0.4988,0.0,0.4693,0.5307,1,0.0,0.05
16,attack,16,17,0.5741,0.4885,0.0,0.4741,0.5259,1,0.0,0.05
16,attack,17,18,0.5641,0.4993,0.0,0.4641,0.5359,1,0.0,0.05
16,attack,18,19,0.5677,0.5073,0.0,0.4677,0.5323,1,0.0,0.05
16,attack,19,20,0.5753,0.4925,0.0,0.4753,0.5247,1,0.0,0.05
16,attack,20,25,0.5749,0.5206,0.0,0.4749,0.5251,1,0.0,0.05
16,attack,21,22,0.5849,0.5155,0.0,0.4849,0.5151,1,0.0,0.05
16,attack,22,23,0.5697,0.5054,0.0134,0.4697,0.5303,1,0.0,0.05
16,attack,23,24,0.5567,0.4594,0.0,0.4567,0.5433,1,0.0,0.05
16,attack,24,25,0.5716,0.4742,0.0,0.4716,0.5284,1,0.0,0.05
16,attack,25,20,0.6762,0.4395,0.0,0.4762,0.5238,2,0.0,0.05
17,attack,2,1,0.5569,0.4743,0.0,0.4569,0.5431,1,0.0,0.05
17,attack,3,4,0.5513,0.4774,0.0,0.4513,0.5487,1,0.0,0.05
17,attack,4,5,0.5778,0.4948,0.0,0.4778,0.5222,1,0.0,0.05
17,attack,5,9,0.62,0.2954,0.0,0.52,0.48,1,0.0,0.05
17,attack,6,1,0.5131,0.4596,0.0,0.4131,0.5869,1,0.0,0.05
17,attack,7,8,0.5548,0.4755,0.0,0.4548,0.5452,1,0.0,0.05
17,attack,8,13,0.5782,0.3771,0.0,0.4782,0.5218,1,0.0,0.05
17,attack,9,10,0.592,0.3998,0.0,0.492,0.508,1,0.0,0.05
17,attack,10,15,0.5493,0.5029,0.0,0.4493,0.5507,1,0.0,0.05
17,attack,11,12,0.5672,0.4664,0.0,0.4672,0.5328,1,0.0,0.05
17,attack,12,13,0.5728,0.5095,0.002,0.4728,0.5272,1,0.0,0.05
17,attack,13,17,0.6084,0.2411,0.0,0.5084,0.4916,1,0.0,0.05
17,attack,14,15,0.5524,0.4919,0.0,0.4524,0.5476,1,0.0,0.05
17,attack,15,20,0.5732,0.4779,0.0043,0.4732,0.5268,1,0.0,0.05
17,attack,16,17,0.5488,0.4979,0.0,0.4488,0.5512,1,0.0,0.05
17,attack,17,18,0.5567,0.4732,0.0,0.4567,0.5433,1,0.0,0.05
17,attack,18,19,0.5901,0.5107,0.0,0.4901,0.5099,1,0.0,0.05
17,attack,19,20,0.567,0.4709,0.0,0.467,0.533,1,0.0,0.05
17,attack,20,25,0.5679,0.4319,0.0,0.4679,0.5321,1,0.0,0.05
17,attack,21,22,0.5619,0.4814,0.0,0.4619,0.5381,1,0.0,0.05
17,attack,22,23,0.5644,0.4767,0.0,0.4644,0.5356,1,0.0,0.05
17,attack,23,24,0.5644,0.4697,0.0041,0.4644,0.5356,1,0.0,0.05
17,attack,24,25,0.5874,0.4828,0.0,0.4874,0.5126,1,0.0,0.05
17,attack,25,20,0.6861,0.4546,0.0,0.4861,0.5139,2,0.0,0.05
18,attack,2,1,0.517,0.5165,0.0,0.417,0.583,1,0.0,0.05
18,attack,3,4,0.5486,0.4794,0.0,0.4486,0.5514,1,0.0,0.05
18,attack,4,5,0.5743,0.5106,0.0,0.4743,0.5257,1,0.0,0.05
18,attack,5,10,0.5585,0.5079,0.0,0.4585,0.5415,1,0.0,0.05
18,attack,6,1,0.5135,0.525,0.0,0.4135,0.5865,1,0.0,0.05
18,attack,7,8,0.5634,0.5082,0.0,0.4634,0.5366,1,0.0,0.05
18,attack,8,9,0.5563,0.4103,0.0,0.4563,0.5437,1,0.0,0.05
18,attack,9,10,0.5774,0.4638,0.0,0.4774,0.5226,1,0.0,0.05
18,attack,10,15,0.596,0.517,0.0,0.496,0.504,1,0.0,0.05
18,attack,11,12,0.5533,0.4641,0.0,0.4533,0.5467,1,0.0,0.05
18,attack,12,13,0.5838,0.4635,0.0,0.4838,0.5162,1,0.0,0.05
18,attack,13,14,0.5785,0.5039,0.0,0.4785,0.5215,1,0.0,0.05
18,attack,14,15,0.5563,0.5054,0.0,0.4563,0.5437,1,0.0,0.05
18,attack,15,20,0.5822,0.4411,0.0,0.4822,0.5178,1,0.0,0.05
18,attack,16,17,0.5693,0.4582,0.0,0.4693,0.5307,1,0.0,0.05
18,attack,17,18,0.5679,0.5059,0.0,0.4679,0.5321,1,0.0,0.05
18,attack,18,19,0.5694,0.4371,0.0,0.4694,0.5306,1,0.0,0.05
18,attack,19,20,0.5733,0.4277,0.0,0.4733,0.5267,1,0.0,0.05
18,attack,20,25,0.5566,0.438,0.0127,0.4566,0.5434,1,0.0,0.05
18,attack,21,22,0.5627,0.3847,0.0,0.4627,0.5373,1,0.0,0.05
18,attack,22,23,0.5521,0.4866,0.0,0.4521,0.5479,1,0.0,0.05
18,attack,23,24,0.573,0.5196,0.0,0.473,0.527,1,0.0,0.05
18,attack,24,25,0.5593,0.3906,0.0,0.4593,0.5407,1,0.0,0.05
18,attack,25,24,0.6793,0.4734,0.0,0.4793,0.5207,2,0.0,0.05
19,attack,2,1,0.51,0.4451,0.0,0.41,0.59,1,0.0,0.05
19,attack,3,4,0.573,0.4943,0.0,0.473,0.527,1,0.0,0.05
19,attack,4,5,0.5646,0.5074,0.0055,0.4646,0.5354,1,0.0,0.05
19,attack,5,9,0.6326,0.3272,0.0,0.5326,0.4674,1,0.0,0.05
19,attack,6,1,0.5015,0.4678,0.0,0.4015,0.5985,1,0.0,0.05
19,attack,7,8,0.5612,0.4988,0.0,0.4612,0.5388,1,0.0,0.05
19,attack,8,9,0.5637,0.4499,0.0,0.4637,0.5363,1,0.0,0.05
19,attack,9,10,0.5738,0.4838,0.0,0.4738,0.5262,1,0.0,0.05
19,attack,10,14,0.6161,0.2863,0.0,0.5161,0.4839,1,0.0,0.05
19,attack,11,12,0.5463,0.4609,0.0,0.4463,0.5537,1,0.0,0.05
19,attack,12,13,0.5933,0.3791,0.0,0.4933,0.5067,1,0.0,0.05
19,attack,13,14,0.5524,0.4047,0.0,0.4524,0.5476,1,0.0,0.05
19,attack,14,15,0.5657,0.4894,0.0,0.4657,0.5343,1,0.0,0.05
19,attack,15,20,0.5633,0.489,0.0,0.4633,0.5367,1,0.0,0.05
19,attack,16,21,0.5574,0.4424,0.0,0.4574,0.5426,1,0.0,0.05
19,attack,17,18,0.5604,0.5348,0.0,0.4604,0.5396,1,0.0,0.05
19,attack,18,19,0.5682,0.4936,0.0,0.4682,0.5318,1,0.0,0.05
19,attack,19,20,0.5682,0.4309,0.0,0.4682,0.5318,1,0.0,0.05
19,attack,20,25,0.5719,0.5062,0.0084,0.4719,0.5281,1,0.0,0.05
19,attack,21,22,0.5642,0.5011,0.0,0.4642,0.5358,1,0.0,0.05
19,attack,22,23,0.5741,0.5264,0.0328,0.4741,0.5259,1,0.0,0.05
19,attack,23,24,0.5757,0.5051,0.014,0.4757,0.5243,1,0.0,0.05
19,attack,24,25,0.5673,0.4735,0.0,0.4673,0.5327,1,0.0,0.05
19,attack,25,20,0.6563,0.3789,0.0,0.4563,0.5437,2,0.0,0.05
